    ,x                  ,y                  ,z
0   ,184.03500366210938 ,243.69400024414062 ,261.114013671875
1   ,183.5500030517578  ,242.2830047607422  ,261.1629943847656
2   ,182.24099731445312 ,242.12899780273438 ,260.3890075683594
3   ,182.11599731445312 ,241.23899841308594 ,259.5429992675781
4   ,183.35800170898438 ,241.83900451660156 ,262.614013671875
5   ,183.35699462890625 ,240.33399963378906 ,262.81298828125
6   ,182.85499572753906 ,239.97000122070312 ,264.197998046875
7   ,181.39300537109375 ,239.96299743652344 ,264.260009765625
8   ,180.60299682617188 ,238.96099853515625 ,263.86199951171875
9   ,181.10400390625    ,237.83700561523438 ,263.3429870605469
10  ,179.28199768066406 ,239.08399963378906 ,263.9800109863281
11  ,181.2779998779297  ,243.0              ,260.68798828125
12  ,179.98599243164062 ,243.02000427246094 ,260.00201416015625
13  ,180.04100036621094 ,243.82200622558594 ,258.7139892578125
14  ,179.47300720214844 ,244.91400146484375 ,258.62799072265625
15  ,180.718994140625   ,243.26199340820312 ,257.7149963378906
16  ,180.9219970703125  ,243.91600036621094 ,256.4230041503906
17  ,179.85899353027344 ,243.41299438476562 ,255.44400024414062
18  ,179.36700439453125 ,242.28900146484375 ,255.58700561523438
19  ,182.33799743652344 ,243.61500549316406 ,255.89100646972656
20  ,183.02099609375    ,244.8179931640625  ,255.26100158691406
21  ,184.2530059814453  ,244.4810028076172  ,254.4149932861328
22  ,183.8979949951172  ,243.89100646972656 ,253.1199951171875
23  ,183.33099365234375 ,244.5399932861328  ,252.09500122070312
24  ,183.02099609375    ,245.83799743652344 ,252.16700744628906
25  ,183.0540008544922  ,243.875            ,250.9770050048828
26  ,179.5019989013672  ,244.25             ,254.4669952392578
27  ,178.59300231933594 ,243.8560028076172  ,253.3719940185547
28  ,179.16799926757812 ,244.26499938964844 ,252.0189971923828
29  ,179.70799255371094 ,245.36700439453125 ,251.89500427246094
30  ,177.1540069580078  ,244.43099975585938 ,253.4929962158203
31  ,177.15499877929688 ,245.7969970703125  ,254.18699645996094
32  ,176.25100708007812 ,243.43099975585938 ,254.20799255371094
33  ,175.85299682617188 ,246.55299377441406 ,254.0570068359375
34  ,179.0449981689453  ,243.3820037841797  ,251.0030059814453
35  ,179.5959930419922  ,243.5780029296875  ,249.66099548339844
36  ,179.4029998779297  ,244.9550018310547  ,249.01800537109375
37  ,178.36900329589844 ,245.5970001220703  ,249.21299743652344
38  ,178.84800720214844 ,242.54299926757812 ,248.84100341796875
39  ,178.64999389648438 ,241.41799926757812 ,249.781005859375
40  ,178.45700073242188 ,242.03199768066406 ,251.13400268554688
41  ,180.42100524902344 ,245.36500549316406 ,248.25999450683594
42  ,180.4810028076172  ,246.61199951171875 ,247.5019989013672
43  ,179.21299743652344 ,247.4010009765625  ,247.21600341796875
44  ,178.2989959716797  ,246.89700317382812 ,246.55799865722656
45  ,179.20799255371094 ,248.66099548339844 ,247.66200256347656
46  ,178.02999877929688 ,249.5449981689453  ,247.70199584960938
47  ,176.86500549316406 ,248.92799377441406 ,248.49000549316406
48  ,176.29299926757812 ,247.90499877929688 ,248.093994140625
49  ,177.6199951171875  ,250.01600646972656 ,246.2969970703125
50  ,176.4080047607422  ,250.9409942626953  ,246.20199584960938
51  ,176.58399963378906 ,252.3000030517578  ,246.85899353027344
52  ,177.36700439453125 ,253.2310028076172  ,246.0469970703125
53  ,177.58399963378906 ,254.51100158691406 ,246.35699462890625
54  ,177.07699584960938 ,255.0500030517578  ,247.46600341796875
55  ,178.3159942626953  ,255.26800537109375 ,245.54400634765625
56  ,176.5189971923828  ,249.57899475097656 ,249.59800720214844
57  ,175.5709991455078  ,249.03700256347656 ,250.5709991455078
58  ,174.22799682617188 ,248.67300415039062 ,249.98699951171875
59  ,173.6750030517578  ,247.63400268554688 ,250.31300354003906
60  ,175.30799865722656 ,250.0469970703125  ,251.6820068359375
61  ,176.46400451660156 ,250.24600219726562 ,252.62399291992188
62  ,176.21499633789062 ,251.38099670410156 ,253.58999633789062
63  ,175.3730010986328  ,251.26800537109375 ,254.4810028076172
64  ,176.94700622558594 ,252.48300170898438 ,253.4290008544922
65  ,173.71600341796875 ,249.531005859375   ,249.1179962158203
66  ,172.2949981689453  ,249.5590057373047  ,248.822998046875
67  ,171.8769989013672  ,248.99899291992188 ,247.45599365234375
68  ,170.69000244140625 ,249.03900146484375 ,247.12100219726562
69  ,171.81900024414062 ,251.0030059814453  ,248.9510040283203
70  ,171.61099243164062 ,251.51300048828125 ,250.35499572753906
71  ,172.15899658203125 ,252.63600158691406 ,250.90199279785156
72  ,170.75799560546875 ,250.95599365234375 ,251.36099243164062
73  ,171.70899963378906 ,252.81199645996094 ,252.18699645996094
74  ,170.8489990234375  ,251.79400634765625 ,252.49600219726562
75  ,169.93099975585938 ,249.82699584960938 ,251.41900634765625
76  ,170.14300537109375 ,251.5399932861328  ,253.6750030517578
77  ,169.22999572753906 ,249.572998046875   ,252.5919952392578
78  ,169.34100341796875 ,250.427001953125   ,253.7050018310547
79  ,172.8209991455078  ,248.47300720214844 ,246.677001953125
80  ,172.52099609375    ,248.01699829101562 ,245.30999755859375
81  ,173.18800354003906 ,246.6820068359375  ,244.98300170898438
82  ,174.1739959716797  ,246.29100036621094 ,245.6219940185547
83  ,172.8769989013672  ,249.0970001220703  ,244.2469940185547
84  ,174.38800048828125 ,249.35899353027344 ,244.15899658203125
85  ,172.16400146484375 ,250.40899658203125 ,244.55299377441406
86  ,175.10000610351562 ,248.66000366210938 ,243.02699279785156
87  ,172.6269989013672  ,245.99400329589844 ,243.98800659179688
88  ,173.12899780273438 ,244.70199584960938 ,243.52999877929688
89  ,172.40499877929688 ,243.52000427246094 ,244.1510009765625
90  ,171.24600219726562 ,243.6320037841797  ,244.55299377441406
91  ,173.10299682617188 ,242.38600158691406 ,244.22799682617188
92  ,172.52200317382812 ,241.11000061035156 ,244.66600036621094
93  ,172.42999267578125 ,241.05299377441406 ,246.18299865722656
94  ,171.34300231933594 ,240.88299560546875 ,246.73899841308594
95  ,173.36000061035156 ,239.9459991455078  ,244.1219940185547
96  ,172.8520050048828  ,238.55099487304688 ,244.447998046875
97  ,173.6439971923828  ,237.5070037841797  ,243.67300415039062
98  ,173.08599853515625 ,236.10899353027344 ,243.88400268554688
99  ,173.75599670410156 ,235.08399963378906 ,243.03500366210938
100 ,173.5800018310547  ,241.18800354003906 ,246.83799743652344
101 ,173.65499877929688 ,241.30499267578125 ,248.28799438476562
102 ,173.64300537109375 ,242.7949981689453  ,248.5959930419922
103 ,174.42300415039062 ,243.5570068359375  ,248.01300048828125
104 ,174.94700622558594 ,240.6909942626953  ,248.83599853515625
105 ,175.11099243164062 ,239.22999572753906 ,248.54299926757812
106 ,175.3470001220703  ,238.29800415039062 ,249.531005859375
107 ,175.0959930419922  ,238.54299926757812 ,247.3769989013672
108 ,175.46299743652344 ,237.1009979248047  ,248.98699951171875
109 ,175.31300354003906 ,237.2209930419922  ,247.67999267578125
110 ,172.7530059814453  ,243.20399475097656 ,249.49600219726562
111 ,172.6739959716797  ,244.5989990234375  ,249.9459991455078
112 ,172.19400024414062 ,244.66400146484375 ,251.38400268554688
113 ,171.718994140625   ,243.6649932861328  ,251.9320068359375
114 ,171.7830047607422  ,245.4459991455078  ,249.0189971923828
115 ,170.4250030517578  ,244.84500122070312 ,248.69700622558594
116 ,170.03900146484375 ,244.9969940185547  ,247.22900390625
117 ,169.1269989013672  ,246.11099243164062 ,246.96200561523438
118 ,168.60699462890625 ,246.39500427246094 ,245.76400756835938
119 ,168.9080047607422  ,245.66299438476562 ,244.68899536132812
120 ,167.781005859375   ,247.42599487304688 ,245.63400268554688
121 ,172.33999633789062 ,245.83799743652344 ,251.9929962158203
122 ,172.0              ,246.01499938964844 ,253.39500427246094
123 ,170.4969940185547  ,245.84800720214844 ,253.5679931640625
124 ,169.7310028076172  ,246.46400451660156 ,252.82899475097656
125 ,172.41600036621094 ,247.38900756835938 ,253.92300415039062
126 ,172.56300354003906 ,247.39599609375    ,255.44000244140625
127 ,172.00100708007812 ,248.63299560546875 ,256.1050109863281
128 ,172.8800048828125  ,249.78500366210938 ,255.93299865722656
129 ,172.89100646972656 ,250.86399841308594 ,256.7149963378906
130 ,173.73899841308594 ,251.85400390625    ,256.45098876953125
131 ,172.0659942626953  ,250.97300720214844 ,257.75799560546875
132 ,170.07000732421875 ,244.9969940185547  ,254.51699829101562
133 ,168.63699340820312 ,244.91000366210938 ,254.7480010986328
134 ,168.12100219726562 ,246.1479949951172  ,255.4709930419922
135 ,168.5919952392578  ,246.46400451660156 ,256.56500244140625
136 ,168.4969940185547  ,243.66700744628906 ,255.6280059814453
137 ,169.80299377441406 ,243.54600524902344 ,256.3219909667969
138 ,170.81500244140625 ,244.01300048828125 ,255.32400512695312
139 ,167.18699645996094 ,246.85000610351562 ,254.83700561523438
140 ,166.43299865722656 ,247.91400146484375 ,255.48599243164062
141 ,165.2050018310547  ,247.27999877929688 ,256.1199951171875
142 ,164.72000122070312 ,246.25100708007812 ,255.64100646972656
143 ,166.0019989013672  ,248.97799682617188 ,254.468994140625
144 ,165.85400390625    ,250.3679962158203  ,255.07000732421875
145 ,164.55999755859375 ,251.0760040283203  ,254.6909942626953
146 ,164.29100036621094 ,252.0970001220703  ,255.6999969482422
147 ,164.90899658203125 ,253.27499389648438 ,255.78799438476562
148 ,165.83099365234375 ,253.63999938964844 ,254.8990020751953
149 ,164.59100341796875 ,254.10800170898438 ,256.7760009765625
150 ,164.7030029296875  ,247.89199829101562 ,257.18798828125
151 ,163.4980010986328  ,247.40699768066406 ,257.86199951171875
152 ,162.48500061035156 ,248.52699279785156 ,258.06201171875
153 ,162.85299682617188 ,249.697998046875   ,258.1659851074219
154 ,163.86300659179688 ,246.75599670410156 ,259.1919860839844
155 ,164.8249969482422  ,245.61099243164062 ,259.04901123046875
156 ,164.36900329589844 ,244.3419952392578  ,258.70001220703125
157 ,166.19200134277344 ,245.8040008544922  ,259.2380065917969
158 ,165.2570037841797  ,243.28399658203125 ,258.5530090332031
159 ,167.08399963378906 ,244.74899291992188 ,259.093994140625
160 ,166.61599731445312 ,243.48699951171875 ,258.7510070800781
161 ,161.21099853515625 ,248.1479949951172  ,258.12200927734375
162 ,160.10400390625    ,249.1020050048828  ,258.1419982910156
163 ,159.7209930419922  ,249.41700744628906 ,259.5880126953125
164 ,159.18899536132812 ,248.56100463867188 ,260.29901123046875
165 ,158.86900329589844 ,248.56199645996094 ,257.3819885253906
166 ,157.86300659179688 ,249.68099975585938 ,257.135986328125
167 ,159.28500366210938 ,247.91900634765625 ,256.0639953613281
168 ,160.0              ,250.64599609375    ,260.0140075683594
169 ,159.63699340820312 ,251.11300659179688 ,261.35400390625
170 ,158.14999389648438 ,251.43600463867188 ,261.4309997558594
171 ,157.47000122070312 ,251.52200317382812 ,260.4079895019531
172 ,160.45599365234375 ,252.3470001220703  ,261.72698974609375
173 ,160.36700439453125 ,253.3300018310547  ,260.7120056152344
174 ,157.65899658203125 ,251.6060028076172  ,262.6570129394531
175 ,156.27200317382812 ,251.9810028076172  ,262.9110107421875
176 ,155.93099975585938 ,253.28199768066406 ,262.2409973144531
177 ,154.83399963378906 ,253.4199981689453  ,261.68798828125
178 ,155.9980010986328  ,252.11700439453125 ,264.4179992675781
179 ,155.53599548339844 ,250.85800170898438 ,265.1499938964844
180 ,155.56900024414062 ,251.08900451660156 ,266.656005859375
181 ,154.13900756835938 ,250.44500732421875 ,264.6960144042969
182 ,156.85800170898438 ,254.24200439453125 ,262.37200927734375
183 ,156.74400329589844 ,255.60499572753906 ,261.8550109863281
184 ,156.38499450683594 ,255.56500244140625 ,260.37200927734375
185 ,155.4499969482422  ,256.2330017089844  ,259.8909912109375
186 ,158.1219940185547  ,256.29901123046875 ,261.85101318359375
187 ,158.4250030517578  ,257.4169921875     ,262.8280029296875
188 ,159.68699645996094 ,258.1180114746094  ,262.3139953613281
189 ,160.4720001220703  ,258.7959899902344  ,263.34698486328125
190 ,161.80799865722656 ,258.85400390625    ,263.4010009765625
191 ,162.5800018310547  ,258.2460021972656  ,262.4989929199219
192 ,162.38999938964844 ,259.5150146484375  ,264.39898681640625
193 ,157.20899963378906 ,254.78799438476562 ,259.6709899902344
194 ,157.10499572753906 ,254.6490020751953  ,258.2120056152344
195 ,155.7270050048828  ,254.1230010986328  ,257.83599853515625
196 ,155.07699584960938 ,254.64599609375    ,256.9150085449219
197 ,158.2010040283203  ,253.73899841308594 ,257.67401123046875
198 ,155.31300354003906 ,253.0919952392578  ,258.5719909667969
199 ,154.01300048828125 ,252.44400024414062 ,258.3590087890625
200 ,152.88999938964844 ,253.46299743652344 ,258.51300048828125
201 ,151.97000122070312 ,253.52499389648438 ,257.6759948730469
202 ,153.76100158691406 ,251.2790069580078  ,259.3240051269531
203 ,154.56700134277344 ,250.0229949951172  ,259.0530090332031
204 ,153.98599243164062 ,248.83399963378906 ,259.8059997558594
205 ,155.0500030517578  ,247.7969970703125  ,260.1319885253906
206 ,154.46099853515625 ,246.4530029296875  ,260.3840026855469
207 ,152.99899291992188 ,254.24000549316406 ,259.5840148925781
208 ,152.01600646972656 ,255.2760009765625  ,259.9110107421875
209 ,151.9029998779297  ,256.2770080566406  ,258.7640075683594
210 ,150.79600524902344 ,256.6440124511719  ,258.3429870605469
211 ,152.32400512695312 ,255.96099853515625 ,261.24200439453125
212 ,151.96400451660156 ,255.10899353027344 ,262.44500732421875
213 ,152.50100708007812 ,255.6649932861328  ,263.75
214 ,152.89199829101562 ,256.8330078125     ,263.8349914550781
215 ,152.5229949951172  ,254.8249969482422  ,264.781005859375
216 ,153.0709991455078  ,256.69000244140625 ,258.2869873046875
217 ,153.18499755859375 ,257.6510009765625  ,257.1839904785156
218 ,152.4720001220703  ,257.1199951171875  ,255.9530029296875
219 ,151.70899963378906 ,257.8429870605469  ,255.29800415039062
220 ,154.66200256347656 ,257.9289855957031  ,256.8630065917969
221 ,155.39199829101562 ,258.6619873046875  ,257.98199462890625
222 ,154.7760009765625  ,259.1570129394531  ,258.9259948730469
223 ,156.7169952392578  ,258.7279968261719  ,257.8789978027344
224 ,152.7429962158203  ,255.8509979248047  ,255.66299438476562
225 ,152.16200256347656 ,255.15499877929688 ,254.51100158691406
226 ,150.62600708007812 ,255.17599487304688 ,254.61599731445312
227 ,149.8939971923828  ,255.50100708007812 ,253.6750030517578
228 ,152.64599609375    ,253.7010040283203  ,254.39999389648438
229 ,153.6060028076172  ,253.44700622558594 ,253.2519989013672
230 ,152.76100158691406 ,253.39199829101562 ,251.66299438476562
231 ,151.927001953125   ,251.80799865722656 ,251.76199340820312
232 ,150.1750030517578  ,254.83599853515625 ,255.80799865722656
233 ,148.7729949951172  ,254.60699462890625 ,256.1159973144531
234 ,148.04400634765625 ,255.9239959716797  ,255.9429931640625
235 ,146.95899963378906 ,255.89700317382812 ,255.34100341796875
236 ,148.5469970703125  ,253.9199981689453  ,257.4830017089844
237 ,148.9739990234375  ,252.44700622558594 ,257.3840026855469
238 ,147.0800018310547  ,253.968994140625   ,257.89599609375
239 ,149.32400512695312 ,251.80799865722656 ,258.71099853515625
240 ,148.61500549316406 ,257.02899169921875 ,256.4440002441406
241 ,147.88699340820312 ,258.29400634765625 ,256.3330078125
242 ,147.7570037841797  ,258.6969909667969  ,254.85899353027344
243 ,146.6750030517578  ,259.1619873046875  ,254.46299743652344
244 ,148.4340057373047  ,259.4179992675781  ,257.23199462890625
245 ,149.81199645996094 ,259.95001220703125 ,256.88800048828125
246 ,150.3780059814453  ,260.8340148925781  ,257.9930114746094
247 ,150.63600158691406 ,260.0920104980469  ,259.2330017089844
248 ,151.37899780273438 ,260.52899169921875 ,260.25299072265625
249 ,151.98599243164062 ,261.7179870605469  ,260.2179870605469
250 ,151.531005859375   ,259.7560119628906  ,261.32598876953125
251 ,148.8090057373047  ,258.46099853515625 ,254.0780029296875
252 ,148.71800231933594 ,258.7909851074219  ,252.65899658203125
253 ,147.67799377441406 ,257.947998046875   ,251.96099853515625
254 ,146.92300415039062 ,258.4880065917969  ,251.14500427246094
255 ,150.08299255371094 ,258.8280029296875  ,251.95599365234375
256 ,150.53199768066406 ,260.26800537109375 ,251.69200134277344
257 ,151.91099548339844 ,260.4079895019531  ,251.06700134277344
258 ,152.9709930419922  ,260.2659912109375  ,252.0659942626953
259 ,153.5590057373047  ,259.1199951171875  ,252.4250030517578
260 ,153.2259979248047  ,257.95098876953125 ,251.8780059814453
261 ,154.50599670410156 ,259.1400146484375  ,253.34800720214844
262 ,147.60400390625    ,256.67498779296875 ,252.33099365234375
263 ,146.59100341796875 ,255.7519989013672  ,251.802001953125
264 ,145.197998046875   ,256.27899169921875 ,252.09100341796875
265 ,144.33099365234375 ,256.2909851074219  ,251.20799255371094
266 ,146.75             ,254.34100341796875 ,252.37600708007812
267 ,147.9149932861328  ,253.52499389648438 ,251.82000732421875
268 ,148.2469940185547  ,252.3679962158203  ,252.75100708007812
269 ,147.5959930419922  ,253.02000427246094 ,250.41900634765625
270 ,145.01499938964844 ,256.70599365234375 ,253.33200073242188
271 ,143.74200439453125 ,257.25799560546875 ,253.81300354003906
272 ,143.34100341796875 ,258.4590148925781  ,252.9600067138672
273 ,142.1820068359375  ,258.5679931640625  ,252.51600646972656
274 ,143.81700134277344 ,257.6520080566406  ,255.2989959716797
275 ,143.76800537109375 ,256.4580078125     ,256.25201416015625
276 ,144.26499938964844 ,256.74200439453125 ,257.66900634765625
277 ,144.79800415039062 ,257.8420104980469  ,257.9419860839844
278 ,144.1320037841797  ,255.83799743652344 ,258.52398681640625
279 ,144.32200622558594 ,259.3299865722656  ,252.75100708007812
280 ,144.13900756835938 ,260.5509948730469  ,251.96099853515625
281 ,143.66400146484375 ,260.1960144042969  ,250.5489959716797
282 ,142.718994140625   ,260.7879943847656  ,250.00399780273438
283 ,145.41799926757812 ,261.4320068359375  ,251.85000610351562
284 ,145.76699829101562 ,262.06500244140625 ,253.2010040283203
285 ,145.24000549316406 ,262.5530090332031  ,250.82000732421875
286 ,147.1929931640625  ,262.58099365234375 ,253.29400634765625
287 ,144.35699462890625 ,259.2179870605469  ,249.97999572753906
288 ,144.09100341796875 ,258.7309875488281  ,248.625
289 ,142.68600463867188 ,258.2049865722656  ,248.5449981689453
290 ,142.01800537109375 ,258.5140075683594  ,247.56300354003906
291 ,145.16200256347656 ,257.7330017089844  ,248.13299560546875
292 ,145.76800537109375 ,258.0950012207031  ,246.7729949951172
293 ,144.86599731445312 ,257.7030029296875  ,245.61700439453125
294 ,143.7100067138672  ,258.1619873046875  ,245.572998046875
295 ,145.3040008544922  ,256.93701171875    ,244.73599243164062
296 ,142.25399780273438 ,257.4549865722656  ,249.5449981689453
297 ,140.9149932861328  ,256.8890075683594  ,249.60899353027344
298 ,139.86300659179688 ,258.0090026855469  ,249.5189971923828
299 ,138.89100646972656 ,257.93499755859375 ,248.7429962158203
300 ,140.71600341796875 ,256.0530090332031  ,250.86900329589844
301 ,140.11099243164062 ,259.02899169921875 ,250.33599853515625
302 ,139.2310028076172  ,260.2019958496094  ,250.41299438476562
303 ,139.1230010986328  ,260.8680114746094  ,249.0500030517578
304 ,138.01699829101562 ,261.21099853515625 ,248.5959930419922
305 ,139.67799377441406 ,261.197998046875   ,251.49000549316406
306 ,138.65699768066406 ,262.302001953125   ,251.76600646972656
307 ,138.91099548339844 ,263.0690002441406  ,253.0590057373047
308 ,137.96299743652344 ,263.72100830078125 ,253.552001953125
309 ,140.0489959716797  ,263.0400085449219  ,253.58200073242188
310 ,140.28599548339844 ,261.0299987792969  ,248.4239959716797
311 ,140.3939971923828  ,261.6440124511719  ,247.0959930419922
312 ,139.55099487304688 ,260.87799072265625 ,246.0919952392578
313 ,138.80099487304688 ,261.4679870605469  ,245.3040008544922
314 ,141.81500244140625 ,261.64300537109375 ,246.50100708007812
315 ,142.7779998779297  ,262.5369873046875  ,247.23599243164062
316 ,142.38699340820312 ,263.4419860839844  ,247.9739990234375
317 ,144.06399536132812 ,262.2860107421875  ,247.02999877929688
318 ,139.7050018310547  ,259.56201171875    ,246.14199829101562
319 ,138.98899841308594 ,258.6300048828125  ,245.25799560546875
320 ,137.48899841308594 ,258.8240051269531  ,245.41000366210938
321 ,136.75             ,258.9169921875     ,244.41600036621094
322 ,139.2010040283203  ,257.15399169921875 ,245.66700744628906
323 ,140.41099548339844 ,256.4939880371094  ,245.09500122070312
324 ,141.49899291992188 ,256.1440124511719  ,245.86500549316406
325 ,140.67300415039062 ,256.0379943847656  ,243.85000610351562
326 ,142.3939971923828  ,255.53500366210938 ,245.11099243164062
327 ,141.9199981689453  ,255.46200561523438 ,243.8820037841797
328 ,137.072998046875   ,258.8739929199219  ,246.67599487304688
329 ,135.66200256347656 ,259.0299987792969  ,247.03700256347656
330 ,135.1179962158203  ,260.3299865722656  ,246.4340057373047
331 ,134.0229949951172  ,260.3479919433594  ,245.83799743652344
332 ,135.38600158691406 ,259.0260009765625  ,248.54299926757812
333 ,134.01199340820312 ,259.59600830078125 ,248.86199951171875
334 ,132.85400390625    ,258.85699462890625 ,248.61700439453125
335 ,133.8679962158203  ,260.89599609375    ,249.35899353027344
336 ,131.59500122070312 ,259.38299560546875 ,248.88400268554688
337 ,132.61199951171875 ,261.42999267578125 ,249.62399291992188
338 ,131.47999572753906 ,260.66900634765625 ,249.38699340820312
339 ,130.23699951171875 ,261.1940002441406  ,249.65499877929688
340 ,135.9040069580078  ,261.385986328125   ,246.60400390625
341 ,135.4929962158203  ,262.6990051269531  ,246.10499572753906
342 ,135.3520050048828  ,262.67999267578125 ,244.593994140625
343 ,134.36900329589844 ,263.2239990234375  ,244.06900024414062
344 ,136.35800170898438 ,263.8399963378906  ,246.63800048828125
345 ,136.0469970703125  ,264.1619873046875  ,248.08700561523438
346 ,136.9149932861328  ,264.1159973144531  ,249.13999938964844
347 ,134.7779998779297  ,264.5509948730469  ,248.63299560546875
348 ,136.2729949951172  ,264.4639892578125  ,250.3040008544922
349 ,134.9600067138672  ,264.7340087890625  ,250.0229949951172
350 ,133.5070037841797  ,264.76800537109375 ,248.08299255371094
351 ,133.91900634765625 ,265.1319885253906  ,250.87100219726562
352 ,132.4709930419922  ,265.15899658203125 ,248.927001953125
353 ,132.6840057373047  ,265.3340148925781  ,250.30799865722656
354 ,136.2949981689453  ,262.02099609375    ,243.9340057373047
355 ,136.2779998779297  ,261.8710021972656  ,242.4770050048828
356 ,135.00599670410156 ,261.17401123046875 ,242.02999877929688
357 ,134.3350067138672  ,261.6050109863281  ,241.08299255371094
358 ,137.5570068359375  ,261.2170104980469  ,241.9409942626953
359 ,138.7969970703125  ,262.12200927734375 ,242.05599975585938
360 ,140.0679931640625  ,261.3500061035156  ,241.7220001220703
361 ,138.67999267578125 ,263.37200927734375 ,241.1929931640625
362 ,134.6790008544922  ,260.1050109863281  ,242.7480010986328
363 ,133.49600219726562 ,259.27899169921875 ,242.47999572753906
364 ,132.13800048828125 ,259.9020080566406  ,242.09300231933594
365 ,131.33700561523438 ,259.2279968261719  ,241.4459991455078
366 ,133.23500061035156 ,258.29400634765625 ,243.63699340820312
367 ,134.4239959716797  ,257.6470031738281  ,244.06399536132812
368 ,131.8780059814453  ,261.14898681640625 ,242.48300170898438
369 ,130.57200622558594 ,261.7969970703125  ,242.26199340820312
370 ,130.7169952392578  ,263.0669860839844  ,241.4040069580078
371 ,130.95700073242188 ,264.1499938964844  ,241.94400024414062
372 ,129.88499450683594 ,262.1109924316406  ,243.61000061035156
373 ,130.81100463867188 ,262.5979919433594  ,244.7239990234375
374 ,129.96099853515625 ,263.3080139160156  ,246.14599609375
375 ,129.0500030517578  ,261.885009765625   ,246.73300170898438
376 ,130.5749969482422  ,262.9410095214844  ,240.06199645996094
377 ,130.6750030517578  ,264.12298583984375 ,239.19400024414062
378 ,129.39100646972656 ,264.9570007324219  ,239.16200256347656
379 ,128.36399841308594 ,264.5320129394531  ,239.6959991455078
380 ,130.98599243164062 ,263.53399658203125 ,237.80799865722656
381 ,130.7310028076172  ,262.0669860839844  ,237.8990020751953
382 ,130.2570037841797  ,261.73199462890625 ,239.2830047607422
383 ,129.46600341796875 ,266.1310119628906  ,238.53599548339844
384 ,128.322998046875   ,267.0480041503906  ,238.42999267578125
385 ,127.5479965209961  ,266.8710021972656  ,237.12399291992188
386 ,126.31999969482422 ,266.7590026855469  ,237.14300537109375
387 ,128.79100036621094 ,268.5060119628906  ,238.5449981689453
388 ,127.70999908447266 ,269.47698974609375 ,238.98500061035156
389 ,127.23200225830078 ,269.4670104980469  ,240.29600524902344
390 ,127.1760025024414  ,270.41900634765625 ,238.10400390625
391 ,126.24700164794922 ,270.3559875488281  ,240.71400451660156
392 ,126.19300079345703 ,271.31298828125    ,238.51400756835938
393 ,125.72699737548828 ,271.2760009765625  ,239.81700134277344
394 ,124.75599670410156 ,272.1610107421875  ,240.22799682617188
395 ,128.27000427246094 ,266.8290100097656  ,236.0030059814453
396 ,127.67500305175781 ,267.03399658203125 ,234.6739959716797
397 ,127.51300048828125 ,265.7929992675781  ,233.7830047607422
398 ,126.5479965209961  ,265.7179870605469  ,233.03199768066406
399 ,128.46200561523438 ,268.1189880371094  ,233.927001953125
400 ,127.93499755859375 ,269.52099609375    ,234.18499755859375
401 ,128.91600036621094 ,270.8169860839844  ,233.40899658203125
402 ,127.6259994506836  ,271.78900146484375 ,232.63800048828125
403 ,128.4409942626953  ,264.8429870605469  ,233.8470001220703
404 ,128.4080047607422  ,263.6260070800781  ,233.0019989013672
405 ,128.6199951171875  ,263.8890075683594  ,231.49600219726562
406 ,127.91000366210938 ,263.3399963378906  ,230.64999389648438
407 ,127.12899780273438 ,262.760986328125   ,233.21499633789062
408 ,126.00800323486328 ,263.3299865722656  ,232.52200317382812
409 ,126.80000305175781 ,262.61199951171875 ,234.7010040283203
410 ,129.58299255371094 ,264.7550048828125  ,231.18699645996094
411 ,130.26300048828125 ,264.8070068359375  ,229.8769989013672
412 ,129.48899841308594 ,265.43701171875    ,228.71600341796875
413 ,129.9340057373047  ,266.4320068359375  ,228.13900756835938
414 ,130.7740020751953  ,263.427001953125   ,229.4669952392578
415 ,131.76499938964844 ,263.48199462890625 ,228.32000732421875
416 ,132.5850067138672  ,262.2179870605469  ,228.27099609375
417 ,133.61399841308594 ,262.1679992675781  ,229.31399536132812
418 ,134.9040069580078  ,262.489990234375   ,229.16400146484375
419 ,135.39500427246094 ,262.9179992675781  ,227.9980010986328
420 ,135.7259979248047  ,262.37799072265625 ,230.20599365234375
421 ,128.35699462890625 ,264.8380126953125  ,228.3489990234375
422 ,127.50800323486328 ,265.3900146484375  ,227.28700256347656
423 ,126.82599639892578 ,266.7070007324219  ,227.68699645996094
424 ,126.25900268554688 ,267.3900146484375  ,226.83299255371094
425 ,126.47200012207031 ,264.3550109863281  ,226.82400512695312
426 ,127.08300018310547 ,263.14300537109375 ,226.125
427 ,127.72000122070312 ,263.4930114746094  ,224.78799438476562
428 ,126.9729995727539  ,263.75299072265625 ,223.8209991455078
429 ,128.96800231933594 ,263.510009765625   ,224.7050018310547
430 ,126.88600158691406 ,267.0509948730469  ,228.9759979248047
431 ,126.4469985961914  ,268.3529968261719  ,229.4759979248047
432 ,127.5719985961914  ,269.4049987792969  ,229.4600067138672
433 ,127.2969970703125  ,270.5849914550781  ,229.2310028076172
434 ,125.86199951171875 ,268.20001220703125 ,230.88299560546875
435 ,124.74400329589844 ,267.1629943847656  ,230.96299743652344
436 ,124.03600311279297 ,267.14599609375    ,232.30599975585938
437 ,123.68699645996094 ,268.19000244140625 ,232.8520050048828
438 ,123.82499694824219 ,265.95098876953125 ,232.84800720214844
439 ,128.8209991455078  ,268.9840087890625  ,229.69200134277344
440 ,130.00599670410156 ,269.8699951171875  ,229.55999755859375
441 ,130.60299682617188 ,269.8420104980469  ,228.1439971923828
442 ,131.82200622558594 ,269.9410095214844  ,227.9810028076172
443 ,131.10800170898438 ,269.5150146484375  ,230.59100341796875
444 ,131.63900756835938 ,268.0799865722656  ,230.5279998779297
445 ,133.15899658203125 ,267.9460144042969  ,230.48899841308594
446 ,133.76600646972656 ,267.614013671875   ,231.5330047607422
447 ,133.7480010986328  ,268.1300048828125  ,229.3990020751953
448 ,129.7530059814453  ,269.74798583984375 ,227.12100219726562
449 ,130.218994140625   ,269.4309997558594  ,225.76800537109375
450 ,130.8509979248047  ,270.6199951171875  ,225.04200744628906
451 ,131.73800659179688 ,270.4309997558594  ,224.21200561523438
452 ,129.08799743652344 ,268.81298828125    ,224.92999267578125
453 ,129.55999755859375 ,267.92999267578125 ,223.7760009765625
454 ,130.3489990234375  ,266.7090148925781  ,224.2570037841797
455 ,130.81100463867188 ,265.85101318359375 ,223.16900634765625
456 ,131.79200744628906 ,266.1470031738281  ,222.31199645996094
457 ,132.11900329589844 ,265.2650146484375  ,221.3699951171875
458 ,132.44700622558594 ,267.3089904785156  ,222.36900329589844
459 ,130.38400268554688 ,271.8290100097656  ,225.34100341796875
460 ,131.0399932861328  ,273.0570068359375  ,224.87899780273438
461 ,130.87600708007812 ,274.239990234375   ,225.81900024414062
462 ,130.843994140625   ,275.3869934082031  ,225.36900329589844
463 ,130.781005859375   ,273.9670104980469  ,227.1199951171875
464 ,130.4969940185547  ,275.0050048828125  ,228.1230010986328
465 ,131.61599731445312 ,276.0220031738281  ,228.36500549316406
466 ,131.33399963378906 ,277.1619873046875  ,228.74099731445312
467 ,130.0189971923828  ,274.37799072265625 ,229.447998046875
468 ,131.1009979248047  ,273.781005859375   ,230.3040008544922
469 ,132.21200561523438 ,273.13800048828125 ,229.8000030517578
470 ,131.19900512695312 ,273.68798828125    ,231.64999389648438
471 ,132.9600067138672  ,272.7049865722656  ,230.79800415039062
472 ,132.36500549316406 ,273.0220031738281  ,231.9320068359375
473 ,132.86399841308594 ,275.61700439453125 ,228.13600158691406
474 ,134.02699279785156 ,276.4830017089844  ,228.33799743652344
475 ,134.69200134277344 ,276.9020080566406  ,227.0229949951172
476 ,135.63099670410156 ,277.697998046875   ,227.04400634765625
477 ,135.0399932861328  ,275.7799987792969  ,229.22999572753906
478 ,134.1840057373047  ,276.3999938964844  ,225.8939971923828
479 ,134.8419952392578  ,276.51800537109375 ,224.59500122070312
480 ,135.1699981689453  ,277.9519958496094  ,224.23199462890625
481 ,136.29600524902344 ,278.22698974609375 ,223.7989959716797
482 ,133.9739990234375  ,275.90301513671875 ,223.5030059814453
483 ,134.16400146484375 ,278.81500244140625 ,224.35499572753906
484 ,134.2790069580078  ,280.2200012207031  ,223.9459991455078
485 ,135.41200256347656 ,280.8940124511719  ,224.71600341796875
486 ,136.24400329589844 ,281.6029968261719  ,224.1269989013672
487 ,132.95700073242188 ,281.0010070800781  ,224.17100524902344
488 ,133.13900756835938 ,282.4930114746094  ,223.88600158691406
489 ,131.83999633789062 ,280.42401123046875 ,223.30599975585938
490 ,135.40899658203125 ,280.6470031738281  ,226.0229949951172
491 ,136.41200256347656 ,281.2200012207031  ,226.9290008544922
492 ,137.81100463867188 ,280.7860107421875  ,226.5
493 ,138.73699951171875 ,281.6109924316406  ,226.43299865722656
494 ,136.11199951171875 ,280.843994140625   ,228.38099670410156
495 ,136.8209991455078  ,281.7099914550781  ,229.41299438476562
496 ,137.9029998779297  ,280.9429931640625  ,230.1439971923828
497 ,137.31700134277344 ,279.8500061035156  ,230.9250030517578
498 ,137.72000122070312 ,278.57598876953125 ,230.93499755859375
499 ,138.76800537109375 ,278.15301513671875 ,230.2220001220703
500 ,137.07000732421875 ,277.7040100097656  ,231.70199584960938
501 ,137.9219970703125  ,279.4909973144531  ,226.2100067138672
502 ,139.18299865722656 ,278.88299560546875 ,225.77699279785156
503 ,139.6909942626953  ,279.57501220703125 ,224.51300048828125
504 ,140.8800048828125  ,279.9289855957031  ,224.41000366210938
505 ,139.04200744628906 ,277.3630065917969  ,225.52099609375
506 ,138.72500610351562 ,276.489990234375   ,226.74400329589844
507 ,138.6179962158203  ,274.9880065917969  ,226.43099975585938
508 ,139.9340057373047  ,274.4570007324219  ,226.08599853515625
509 ,140.44200134277344 ,274.3580017089844  ,224.85499572753906
510 ,139.7480010986328  ,274.7179870605469  ,223.7740020751953
511 ,141.6750030517578  ,273.8900146484375  ,224.6999969482422
512 ,138.76300048828125 ,279.7510070800781  ,223.5800018310547
513 ,139.04800415039062 ,280.3919982910156  ,222.29299926757812
514 ,139.58700561523438 ,281.79901123046875 ,222.51300048828125
515 ,140.58200073242188 ,282.1990051269531  ,221.9010009765625
516 ,137.8350067138672  ,280.40899658203125 ,221.36099243164062
517 ,138.20199584960938 ,280.69000244140625 ,219.9080047607422
518 ,137.08599853515625 ,280.3380126953125  ,218.9290008544922
519 ,136.1699981689453  ,281.4549865722656  ,218.67100524902344
520 ,135.08999633789062 ,281.7749938964844  ,219.3939971923828
521 ,134.3509979248047  ,282.82000732421875 ,219.0290069580078
522 ,134.72999572753906 ,281.0799865722656  ,220.4739990234375
523 ,138.9080047607422  ,282.5140075683594  ,223.39500427246094
524 ,139.26199340820312 ,283.8940124511719  ,223.75599670410156
525 ,140.6929931640625  ,283.9410095214844  ,224.28599548339844
526 ,141.49600219726562 ,284.7980041503906  ,223.88600158691406
527 ,138.28199768066406 ,284.42999267578125 ,224.81700134277344
528 ,138.04100036621094 ,285.9320068359375  ,224.7729949951172
529 ,136.94200134277344 ,286.3240051269531  ,223.7989959716797
530 ,135.83900451660156 ,286.697998046875   ,224.26199340820312
531 ,137.177001953125   ,286.24798583984375 ,222.57200622558594
532 ,140.97000122070312 ,283.00299072265625 ,225.18600463867188
533 ,142.28199768066406 ,282.8789978027344  ,225.822998046875
534 ,143.36399841308594 ,282.6809997558594  ,224.75799560546875
535 ,144.42100524902344 ,283.3380126953125  ,224.7830047607422
536 ,142.302001953125   ,281.7380065917969  ,226.83200073242188
537 ,143.0570068359375  ,281.77099609375    ,223.83900451660156
538 ,143.96099853515625 ,281.4320068359375  ,222.73800659179688
539 ,144.27000427246094 ,282.6679992675781  ,221.90699768066406
540 ,145.41600036621094 ,282.9549865722656  ,221.55599975585938
541 ,143.45700073242188 ,280.2980041503906  ,221.84500122070312
542 ,144.4459991455078  ,279.90399169921875 ,220.7760009765625
543 ,145.7530059814453  ,279.5539855957031  ,221.11399841308594
544 ,144.08900451660156 ,279.9079895019531  ,219.43099975585938
545 ,146.677001953125   ,279.2070007324219  ,220.13999938964844
546 ,145.00999450683594 ,279.5580139160156  ,218.4530029296875
547 ,146.3040008544922  ,279.2070007324219  ,218.8070068359375
548 ,143.2100067138672  ,283.4100036621094  ,221.60499572753906
549 ,143.25             ,284.62200927734375 ,220.8000030517578
550 ,144.11099243164062 ,285.61700439453125 ,221.4770050048828
551 ,144.88099670410156 ,286.2229919433594  ,220.73199462890625
552 ,141.8470001220703  ,285.1990051269531  ,220.5449981689453
553 ,141.0659942626953  ,284.4580078125     ,219.46499633789062
554 ,139.6020050048828  ,284.875            ,219.36500549316406
555 ,139.08299255371094 ,284.9490051269531  ,218.22999572753906
556 ,138.95799255371094 ,285.1199951171875  ,220.4080047607422
557 ,144.01699829101562 ,285.781005859375   ,222.80299377441406
558 ,144.8489990234375  ,286.7489929199219  ,223.51600646972656
559 ,146.3419952392578  ,286.4590148925781  ,223.28599548339844
560 ,147.14999389648438 ,287.35198974609375 ,222.97799682617188
561 ,144.53399658203125 ,286.74700927734375 ,225.0050048828125
562 ,146.64999389648438 ,285.17999267578125 ,223.447998046875
563 ,148.01800537109375 ,284.6650085449219  ,223.27999877929688
564 ,148.5240020751953  ,284.97601318359375 ,221.875
565 ,149.65499877929688 ,285.45001220703125 ,221.6959991455078
566 ,148.12100219726562 ,283.1409912109375  ,223.572998046875
567 ,147.9759979248047  ,282.8909912109375  ,225.07899475097656
568 ,149.44500732421875 ,282.5539855957031  ,223.0800018310547
569 ,147.72300720214844 ,281.4440002441406  ,225.45399475097656
570 ,147.66099548339844 ,284.6940002441406  ,220.91099548339844
571 ,147.947998046875   ,284.9159851074219  ,219.49000549316406
572 ,148.28700256347656 ,286.385986328125   ,219.24899291992188
573 ,149.27099609375    ,286.7130126953125  ,218.56900024414062
574 ,146.74200439453125 ,284.47698974609375 ,218.6490020751953
575 ,146.9040069580078  ,284.552001953125   ,217.13900756835938
576 ,145.56199645996094 ,284.4419860839844  ,216.41900634765625
577 ,144.85299682617188 ,283.11199951171875 ,216.66299438476562
578 ,145.68899536132812 ,281.94000244140625 ,216.28900146484375
579 ,147.44900512695312 ,287.2380065917969  ,219.82000732421875
580 ,147.59100341796875 ,288.6940002441406  ,219.71200561523438
581 ,148.94900512695312 ,289.12799072265625 ,220.2469940185547
582 ,149.66299438476562 ,289.9209899902344  ,219.61099243164062
583 ,146.4709930419922  ,289.41400146484375 ,220.4550018310547
584 ,149.27200317382812 ,288.5870056152344  ,221.4149932861328
585 ,150.53599548339844 ,288.8760070800781  ,222.1020050048828
586 ,151.71600341796875 ,288.510009765625   ,221.2030029296875
587 ,152.66900634765625 ,289.2909851074219  ,221.04800415039062
588 ,150.62600708007812 ,288.1419982910156  ,223.43499755859375
589 ,151.61099243164062 ,287.32000732421875 ,220.62600708007812
590 ,152.63499450683594 ,286.7799987792969  ,219.72799682617188
591 ,152.8520050048828  ,287.7179870605469  ,218.55099487304688
592 ,153.9949951171875  ,288.0469970703125  ,218.1840057373047
593 ,152.25100708007812 ,285.39898681640625 ,219.2310028076172
594 ,151.7310028076172  ,288.1470031738281  ,217.98199462890625
595 ,151.7220001220703  ,289.0669860839844  ,216.8350067138672
596 ,152.31300354003906 ,290.4320068359375  ,217.2100067138672
597 ,153.25             ,290.9309997558594  ,216.54600524902344
598 ,150.343994140625   ,289.22601318359375 ,216.156005859375
599 ,149.36599731445312 ,289.6510009765625  ,217.11099243164062
600 ,149.906005859375   ,287.9119873046875  ,215.5050048828125
601 ,151.7729949951172  ,291.03399658203125 ,218.26600646972656
602 ,152.2689971923828  ,292.3139953613281  ,218.7760009765625
603 ,153.6439971923828  ,292.1340026855469  ,219.4340057373047
604 ,153.77499389648438 ,292.1669921875     ,220.66200256347656
605 ,151.26300048828125 ,292.9169921875     ,219.76499938964844
606 ,150.0              ,293.1080017089844  ,219.1510009765625
607 ,154.66000366210938 ,291.9389953613281  ,218.5919952392578
608 ,156.03399658203125 ,291.6789855957031  ,219.03199768066406
609 ,156.97300720214844 ,292.1180114746094  ,217.91400146484375
610 ,157.2949981689453  ,291.34698486328125 ,217.0070037841797
611 ,156.24099731445312 ,290.1990051269531  ,219.38499450683594
612 ,157.47500610351562 ,289.9460144042969  ,220.24200439453125
613 ,157.9250030517578  ,288.4930114746094  ,220.2030029296875
614 ,158.7740020751953  ,288.1990051269531  ,218.97500610351562
615 ,159.2830047607422  ,286.79901123046875 ,218.96099853515625
616 ,157.40499877929688 ,293.37200927734375 ,218.0019989013672
617 ,157.9770050048828  ,294.0889892578125  ,216.86599731445312
618 ,158.50799560546875 ,295.4280090332031  ,217.41400146484375
619 ,157.8509979248047  ,296.0159912109375  ,218.27200317382812
620 ,156.8719940185547  ,294.1969909667969  ,215.79400634765625
621 ,157.04600524902344 ,295.302001953125   ,214.7989959716797
622 ,156.60899353027344 ,296.5830078125     ,215.09800720214844
623 ,157.57899475097656 ,295.0509948730469  ,213.53500366210938
624 ,156.73800659179688 ,297.60400390625    ,214.177001953125
625 ,157.71299743652344 ,296.07598876953125 ,212.60699462890625
626 ,157.2899932861328  ,297.3550109863281  ,212.92999267578125
627 ,159.6909942626953  ,295.8999938964844  ,216.93299865722656
628 ,160.593994140625   ,296.8080139160156  ,217.6820068359375
629 ,159.97500610351562 ,298.00201416015625 ,218.42100524902344
630 ,158.91400146484375 ,298.48699951171875 ,218.02499389648438
631 ,161.5449981689453  ,297.3290100097656  ,216.5970001220703
632 ,161.57000732421875 ,296.24798583984375 ,215.58299255371094
633 ,160.15499877929688 ,295.7539978027344  ,215.53799438476562
634 ,160.656005859375   ,298.4930114746094  ,219.4770050048828
635 ,160.14999389648438 ,299.63800048828125 ,220.22500610351562
636 ,160.39300537109375 ,300.9530029296875  ,219.49099731445312
637 ,161.1790008544922  ,301.0069885253906  ,218.54299926757812
638 ,160.96400451660156 ,299.5889892578125  ,221.51600646972656
639 ,162.2779998779297  ,299.03399658203125 ,221.0850067138672
640 ,161.98800659179688 ,298.0790100097656  ,219.95899963378906
641 ,159.7469940185547  ,302.0090026855469  ,219.97000122070312
642 ,159.77699279785156 ,303.31298828125    ,219.31399536132812
643 ,161.1009979248047  ,303.9939880371094  ,219.66099548339844
644 ,161.76400756835938 ,303.61199951171875 ,220.63099670410156
645 ,158.61199951171875 ,304.1929931640625  ,219.78500366210938
646 ,157.2469940185547  ,303.6610107421875  ,219.4510040283203
647 ,156.7550048828125  ,302.47198486328125 ,219.947998046875
648 ,156.2449951171875  ,304.1960144042969  ,218.71299743652344
649 ,155.5240020751953  ,302.2860107421875  ,219.50799560546875
650 ,155.19000244140625 ,303.3190002441406  ,218.7570037841797
651 ,161.4810028076172  ,304.99798583984375 ,218.87600708007812
652 ,162.75900268554688 ,305.6919860839844  ,219.05999755859375
653 ,162.54299926757812 ,307.197998046875   ,219.0469970703125
654 ,162.11700439453125 ,307.7569885253906  ,218.03500366210938
655 ,163.73699951171875 ,305.2879943847656  ,217.9600067138672
656 ,164.03500366210938 ,303.7980041503906  ,217.91900634765625
657 ,165.0500030517578  ,303.43798828125    ,216.8419952392578
658 ,166.4199981689453  ,303.3739929199219  ,217.35499572753906
659 ,166.91000366210938 ,302.40301513671875 ,218.1320037841797
660 ,166.15199279785156 ,301.3810119628906  ,218.53399658203125
661 ,168.17799377441406 ,302.46099853515625 ,218.52699279785156
662 ,162.8509979248047  ,307.84698486328125 ,220.16900634765625
663 ,162.5679931640625  ,309.2699890136719  ,220.35499572753906
664 ,163.83700561523438 ,310.114990234375   ,220.20899963378906
665 ,164.94700622558594 ,309.6549987792969  ,220.48800659179688
666 ,161.93499755859375 ,309.52398681640625 ,221.72900390625
667 ,160.88499450683594 ,308.5159912109375  ,222.12100219726562
668 ,159.55799865722656 ,308.677001953125   ,221.73399353027344
669 ,161.22500610351562 ,307.4049987792969  ,222.88999938964844
670 ,158.59300231933594 ,307.7449951171875  ,222.10400390625
671 ,160.26499938964844 ,306.47198486328125 ,223.26100158691406
672 ,158.94700622558594 ,306.64300537109375 ,222.86700439453125
673 ,163.6439971923828  ,311.3559875488281  ,219.76699829101562
674 ,164.68099975585938 ,312.3680114746094  ,219.6999969482422
675 ,165.16900634765625 ,312.7179870605469  ,221.12100219726562
676 ,166.35000610351562 ,312.97198486328125 ,221.28500366210938
677 ,164.1490020751953  ,313.6449890136719  ,218.98699951171875
678 ,164.01400756835938 ,313.3890075683594  ,217.48199462890625
679 ,165.0590057373047  ,314.8500061035156  ,219.20399475097656
680 ,163.08700561523438 ,314.3500061035156  ,216.76699829101562
681 ,164.2550048828125  ,312.7099914550781  ,222.0959930419922
682 ,164.43899536132812 ,313.3450012207031  ,223.35899353027344
683 ,165.54200744628906 ,312.66900634765625 ,224.10800170898438
684 ,166.3979949951172  ,313.37799072265625 ,224.656005859375
685 ,163.1510009765625  ,313.3089904785156  ,224.17300415039062
686 ,165.51800537109375 ,311.3340148925781  ,224.1490020751953
687 ,166.52699279785156 ,310.54998779296875 ,224.86500549316406
688 ,167.92300415039062 ,310.8689880371094  ,224.322998046875
689 ,168.87100219726562 ,311.0950012207031  ,225.08399963378906
690 ,166.31700134277344 ,309.031005859375   ,224.73500061035156
691 ,164.89700317382812 ,308.5780029296875  ,225.04100036621094
692 ,163.9409942626953  ,309.2139892578125  ,224.5399932861328
693 ,164.74000549316406 ,307.5480041503906  ,225.7429962158203
694 ,168.0              ,310.87298583984375 ,222.9980010986328
695 ,169.23599243164062 ,311.12701416015625 ,222.26499938964844
696 ,169.77699279785156 ,312.5220031738281  ,222.66000366210938
697 ,170.9770050048828  ,312.68798828125    ,222.9510040283203
698 ,168.98300170898438 ,311.0459899902344  ,220.75599670410156
699 ,170.21200561523438 ,311.12298583984375 ,219.86199951171875
700 ,169.8560028076172  ,311.5190124511719  ,218.43600463867188
701 ,169.4320068359375  ,312.64801025390625 ,218.17999267578125
702 ,170.0240020751953  ,310.5929870605469  ,217.5019989013672
703 ,168.86500549316406 ,313.4849853515625  ,222.65499877929688
704 ,169.28700256347656 ,314.8489990234375  ,222.9759979248047
705 ,169.75799560546875 ,314.9570007324219  ,224.4029998779297
706 ,170.76600646972656 ,315.614013671875   ,224.66299438476562
707 ,168.23599243164062 ,315.8919982910156  ,222.59500122070312
708 ,167.92100524902344 ,316.02899169921875 ,221.09100341796875
709 ,167.57200622558594 ,317.4750061035156  ,220.76499938964844
710 ,169.02000427246094 ,315.552001953125   ,220.14199829101562
711 ,169.08999633789062 ,314.2560119628906  ,225.3090057373047
712 ,169.42999267578125 ,314.197998046875   ,226.7239990234375
713 ,170.81399536132812 ,313.635009765625   ,226.86399841308594
714 ,171.61399841308594 ,314.1860046386719  ,227.63299560546875
715 ,168.4080047607422  ,313.34100341796875 ,227.4969940185547
716 ,168.3780059814453  ,313.6419982910156  ,228.9949951171875
717 ,168.51600646972656 ,314.82000732421875 ,229.39300537109375
718 ,168.18299865722656 ,312.6889953613281  ,229.77999877929688
719 ,171.15699768066406 ,312.5849914550781  ,226.11500549316406
720 ,172.58599853515625 ,312.14801025390625 ,226.17799377441406
721 ,173.68099975585938 ,313.2640075683594  ,226.1219940185547
722 ,174.718994140625   ,313.12200927734375 ,226.75999450683594
723 ,172.9530029296875  ,311.0669860839844  ,225.16200256347656
724 ,174.3679962158203  ,310.59698486328125 ,225.31100463867188
725 ,174.78700256347656 ,309.8429870605469  ,226.38600158691406
726 ,175.4739990234375  ,310.84600830078125 ,224.572998046875
727 ,176.08299255371094 ,309.6099853515625  ,226.281005859375
728 ,176.52499389648438 ,310.2099914550781  ,225.1909942626953
729 ,173.41700744628906 ,314.364990234375   ,225.41400146484375
730 ,174.31900024414062 ,315.5409851074219  ,225.41299438476562
731 ,174.5679931640625  ,316.14300537109375 ,226.802001953125
732 ,175.6580047607422  ,316.656005859375   ,227.05999755859375
733 ,173.79400634765625 ,316.6600036621094  ,224.50799560546875
734 ,173.5709991455078  ,316.3739929199219  ,223.02699279785156
735 ,173.02000427246094 ,317.61700439453125 ,222.3459930419922
736 ,174.86099243164062 ,315.92498779296875 ,222.36900329589844
737 ,173.56700134277344 ,316.0790100097656  ,227.68299865722656
738 ,173.65499877929688 ,316.6470031738281  ,229.04200744628906
739 ,174.87899780273438 ,316.25299072265625 ,229.87399291992188
740 ,175.20199584960938 ,316.9440002441406  ,230.8419952392578
741 ,172.38900756835938 ,316.3389892578125  ,229.85000610351562
742 ,171.2519989013672  ,317.29901123046875 ,229.55499267578125
743 ,171.21400451660156 ,318.4079895019531  ,230.07899475097656
744 ,170.30499267578125 ,316.864013671875   ,228.7429962158203
745 ,175.5540008544922  ,315.16400146484375 ,229.5019989013672
746 ,176.8300018310547  ,314.7690124511719  ,230.13499450683594
747 ,177.93699645996094 ,315.8450012207031  ,230.14700317382812
748 ,178.97900390625    ,315.635986328125   ,230.77200317382812
749 ,177.41200256347656 ,313.4440002441406  ,229.5469970703125
750 ,176.45399475097656 ,312.2749938964844  ,229.7689971923828
751 ,177.78500366210938 ,313.5840148925781  ,228.07200622558594
752 ,177.72799682617188 ,316.97198486328125 ,229.46299743652344
753 ,178.5760040283203  ,318.1499938964844  ,229.6320037841797
754 ,177.76600646972656 ,319.3940124511719  ,230.031005859375
755 ,177.90699768066406 ,320.4530029296875  ,229.4219970703125
756 ,179.39100646972656 ,318.4129943847656  ,228.35400390625
757 ,178.51400756835938 ,318.4360046386719  ,227.2220001220703
758 ,180.44700622558594 ,317.32598876953125 ,228.16799926757812
759 ,176.92799377441406 ,319.2590026855469  ,231.06300354003906
760 ,176.19700622558594 ,320.39599609375    ,231.6439971923828
761 ,177.0749969482422  ,321.0270080566406  ,232.73599243164062
762 ,177.12600708007812 ,320.5379943847656  ,233.86300659179688
763 ,174.84500122070312 ,319.9360046386719  ,232.2030029296875
764 ,173.90499877929688 ,321.0719909667969  ,232.593994140625
765 ,172.78500366210938 ,320.6029968261719  ,233.51300048828125
766 ,171.81700134277344 ,319.6659851074219  ,232.8070068359375
767 ,170.73399353027344 ,319.18499755859375 ,233.70799255371094
768 ,177.74000549316406 ,322.1300048828125  ,232.39599609375
769 ,178.93099975585938 ,322.5849914550781  ,233.1230010986328
770 ,178.75399780273438 ,323.6830139160156  ,234.1840057373047
771 ,179.7519989013672  ,324.08599853515625 ,234.7790069580078
772 ,179.9759979248047  ,323.0820007324219  ,232.10699462890625
773 ,180.4709930419922  ,322.04901123046875 ,231.11000061035156
774 ,181.21299743652344 ,320.9049987792969  ,231.781005859375
775 ,182.03599548339844 ,320.1159973144531  ,230.7740020751953
776 ,182.56300354003906 ,318.8399963378906  ,231.33599853515625
777 ,177.53399658203125 ,324.17498779296875 ,234.42300415039062
778 ,177.31399536132812 ,325.39300537109375 ,235.2480010986328
779 ,178.01400756835938 ,326.6310119628906  ,234.64199829101562
780 ,178.70899963378906 ,326.5299987792969  ,233.62600708007812
781 ,177.75100708007812 ,325.17999267578125 ,236.718994140625
782 ,176.71499633789062 ,324.5769958496094  ,237.6300048828125
783 ,175.60299682617188 ,323.8689880371094  ,237.27200317382812
784 ,176.72900390625    ,324.5989990234375  ,239.06199645996094
785 ,174.91400146484375 ,323.4670104980469  ,238.39199829101562
786 ,175.58299255371094 ,323.9020080566406  ,239.50399780273438
787 ,177.59300231933594 ,325.15301513671875 ,240.01499938964844
788 ,175.27999877929688 ,323.739990234375   ,240.86000061035156
789 ,177.29200744628906 ,324.99200439453125 ,241.36700439453125
790 ,176.14300537109375 ,324.2900085449219  ,241.77499389648438
791 ,177.8070068359375  ,327.79901123046875 ,235.25100708007812
792 ,178.46800231933594 ,329.0369873046875  ,234.81199645996094
793 ,179.86300659179688 ,329.1570129394531  ,235.4239959716797
794 ,180.86900329589844 ,328.9230041503906  ,234.75399780273438
795 ,177.6269989013672  ,330.26300048828125 ,235.17999267578125
796 ,177.45799255371094 ,330.3680114746094  ,236.58200073242188
