,x,y,z
0,14.128000259399414,65.41799926757812,105.80899810791016
1,14.093000411987305,66.60399627685547,104.95800018310547
2,14.303999900817871,67.89600372314453,105.77300262451172
3,13.680999755859375,68.08699798583984,106.81900024414062
4,12.788999557495117,66.625,104.13600158691406
5,12.645999908447266,67.77899932861328,103.14199829101562
6,11.782999992370605,69.19200134277344,103.87699890136719
7,10.156999588012695,68.98100280761719,103.1719970703125
8,15.201000213623047,68.76499938964844,105.3030014038086
9,15.484000205993652,70.0250015258789,105.98899841308594
10,15.085000038146973,71.23200225830078,105.15499877929688
11,15.218000411987305,71.23200225830078,103.927001953125
12,16.969999313354492,70.14299774169922,106.33399963378906
13,17.402999877929688,69.29000091552734,107.48500061035156
14,18.538000106811523,68.50599670410156,107.44200134277344
15,16.868999481201172,69.11100006103516,108.71600341796875
16,18.676000595092773,67.875,108.59300231933594
17,17.676000595092773,68.22100067138672,109.38500213623047
18,14.590999603271484,72.26000213623047,105.83399963378906
19,14.37600040435791,73.56099700927734,105.21499633789062
20,15.678999900817871,74.3479995727539,105.33300018310547
21,16.26799964904785,74.42500305175781,106.41799926757812
22,13.258000373840332,74.29900360107422,105.91100311279297
23,16.11400032043457,74.94100189208984,104.22100067138672
24,17.423999786376953,75.5739974975586,104.13400268554688
25,17.240999221801758,77.04399871826172,103.72100067138672
26,16.773000717163086,77.3290023803711,102.61699676513672
27,18.229999542236328,74.79399871826172,103.08999633789062
28,19.743000030517578,74.86000061035156,102.86699676513672
29,20.125,76.13500213623047,102.16699981689453
30,20.506000518798828,74.71600341796875,104.16600036621094
31,17.58300018310547,77.97899627685547,104.60700225830078
32,17.429000854492188,79.40399932861328,104.2979965209961
33,18.767000198364258,80.13899993896484,104.2979965209961
34,19.562000274658203,79.99299621582031,105.24099731445312
35,16.516000747680664,80.13500213623047,105.30999755859375
36,16.208999633789062,81.5530014038086,104.79900360107422
37,15.227999687194824,79.375,105.51899719238281
38,19.000999450683594,80.96600341796875,103.27300262451172
39,20.232999801635742,81.75700378417969,103.22599792480469
40,20.04400062561035,83.00900268554688,104.06900024414062
41,19.138999938964844,83.81400299072266,103.81900024414062
42,20.610000610351562,82.14600372314453,101.78900146484375
43,21.773000717163086,83.16000366210938,101.71099853515625
44,22.423999786376953,83.24700164794922,100.33000183105469
45,21.881999969482422,82.76200103759766,99.33000183105469
46,23.606000900268555,83.87100219726562,100.27400207519531
47,20.83799934387207,83.12300109863281,105.12799835205078
48,20.79599952697754,84.31999969482422,105.95500183105469
49,21.95800018310547,85.29399871826172,105.75399780273438
50,21.964000701904297,86.38600158691406,106.33599853515625
51,20.621000289916992,83.93499755859375,107.4280014038086
52,19.2450008392334,83.3219985961914,107.68800354003906
53,19.08099937438965,82.93599700927734,109.15699768066406
54,18.16200065612793,84.31900024414062,107.2699966430664
55,22.930999755859375,84.9000015258789,104.93199920654297
56,24.118999481201172,85.7300033569336,104.71600341796875
57,24.461999893188477,85.88600158691406,103.23999786376953
58,24.591999053955078,84.88999938964844,102.52200317382812
59,25.325000762939453,85.16600036621094,105.46900177001953
60,25.17799949645996,85.22699737548828,106.98300170898438
61,26.413999557495117,84.69200134277344,107.66999816894531
62,27.554000854492188,85.58999633789062,107.51399993896484
63,28.81100082397461,85.26899719238281,107.81800079345703
64,29.090999603271484,84.05799865722656,108.2959976196289
65,29.791000366210938,86.16300201416016,107.65299987792969
66,24.636999130249023,87.14299774169922,102.81700134277344
67,24.937999725341797,87.47899627685547,101.43199920654297
68,26.22100067138672,86.93099975585938,100.81800079345703
69,27.0939998626709,86.39900207519531,101.51300048828125
70,26.316999435424805,87.05599975585938,99.49700164794922
71,27.43199920654297,86.52300262451172,98.71399688720703
72,28.76300048828125,87.29299926757812,98.8740005493164
73,29.841999053955078,86.7509994506836,98.59400177001953
74,27.04599952697754,86.5469970703125,97.23600006103516
75,26.631000518798828,87.94999694824219,96.78800201416016
76,26.469999313354492,88.10800170898438,95.27799987792969
77,26.579999923706055,87.11199951171875,94.5270004272461
78,26.236000061035156,89.25599670410156,94.84200286865234
79,28.701000213623047,88.55899810791016,99.27999877929688
80,29.916000366210938,89.3499984741211,99.26000213623047
81,30.878999710083008,88.7959976196289,100.3010025024414
82,30.506999969482422,88.64700317382812,101.48300170898438
83,29.65399932861328,90.83899688720703,99.50299835205078
84,30.92300033569336,91.61299896240234,99.23799896240234
85,28.535999298095703,91.34600067138672,98.58499908447266
86,32.095001220703125,88.48300170898438,99.84300231933594
87,33.132999420166016,87.8550033569336,100.66200256347656
88,32.915000915527344,86.37200164794922,100.96600341796875
89,33.766998291015625,85.73400115966797,101.58100128173828
90,33.417999267578125,88.64900207519531,101.95099639892578
91,33.99300003051758,90.02300262451172,101.66200256347656
92,34.86600112915039,90.16799926757812,100.79900360107422
93,33.50899887084961,91.03700256347656,102.37699890136719
94,31.78499984741211,85.8239974975586,100.52999877929688
95,31.541000366210938,84.38899993896484,100.66300201416016
96,32.500999450683594,83.61699676513672,99.76399993896484
97,32.691001892089844,83.99299621582031,98.60399627685547
98,30.094999313354492,84.06600189208984,100.2760009765625
99,29.69099998474121,82.61799621582031,100.49500274658203
100,28.027999877929688,82.29499816894531,99.85399627685547
101,27.009000778198242,83.06999969482422,101.13400268554688
102,33.10100173950195,82.54499816894531,100.28700256347656
103,33.957000732421875,81.69000244140625,99.45500183105469
104,33.1870002746582,81.26100158691406,98.20800018310547
105,31.979999542236328,81.01799774169922,98.26599884033203
106,34.415000915527344,80.44200134277344,100.21399688720703
107,35.625999450683594,80.65599822998047,101.06500244140625
108,36.9010009765625,80.72899627685547,100.54399871826172
109,35.75899887084961,80.7979965209961,102.40599822998047
110,37.76499938964844,80.91999816894531,101.5260009765625
111,37.097999572753906,80.96299743652344,102.66600036621094
112,33.880001068115234,81.19100189208984,97.08000183105469
113,33.22800064086914,80.87899780273438,95.81800079345703
114,32.68000030517578,79.44999694824219,95.80799865722656
115,31.586000442504883,79.21099853515625,95.28600311279297
116,34.189998626708984,81.10800170898438,94.63200378417969
117,34.66899871826172,82.4520034790039,94.68099975585938
118,33.5,80.88500213623047,93.29100036621094
119,33.42499923706055,78.50800323486328,96.39299774169922
120,32.98699951171875,77.10900115966797,96.39399719238281
121,31.7189998626709,76.94000244140625,97.23100280761719
122,30.868999481201172,76.0999984741211,96.93399810791016
123,34.112998962402344,76.12899780273438,96.79299926757812
124,34.68899917602539,76.38800048828125,98.19999694824219
125,34.3390007019043,77.40499877929688,98.8479995727539
126,35.525001525878906,75.56199645996094,98.65399932861328
127,31.58799934387207,77.78500366210938,98.24600219726562
128,30.409000396728516,77.81600189208984,99.09700012207031
129,29.235000610351562,78.4520034790039,98.36100006103516
130,28.110000610351562,77.94300079345703,98.41100311279297
131,30.697999954223633,78.59200286865234,100.4000015258789
132,31.80500030517578,77.89299774169922,101.2040023803711
133,29.423999786376953,78.77999877929688,101.23699951171875
134,32.13600158691406,78.56999969482422,102.52999877929688
135,29.49799919128418,79.55699920654297,97.6709976196289
136,28.44099998474121,80.2760009765625,96.97599792480469
137,27.849000930786133,79.38099670410156,95.89399719238281
138,26.621000289916992,79.2959976196289,95.74299621582031
139,28.972000122070312,81.57099914550781,96.36699676513672
140,27.86199951171875,82.49199676513672,95.90599822998047
141,28.358999252319336,83.83200073242188,95.37799835205078
142,29.459999084472656,84.29900360107422,95.72200012207031
143,27.535999298095703,84.46700286865234,94.5469970703125
144,28.736000061035156,78.71199798583984,95.16000366210938
145,28.340999603271484,77.76300048828125,94.12999725341797
146,27.48900032043457,76.63700103759766,94.71499633789062
147,26.540000915527344,76.1729965209961,94.0790023803711
148,29.58300018310547,77.1780014038086,93.4530029296875
149,30.231000900268555,78.14099884033203,92.45800018310547
150,29.621000289916992,79.19200134277344,92.13999938964844
151,31.347999572753906,77.8280029296875,91.9729995727539
152,27.823999404907227,76.1989974975586,95.9280014038086
153,27.062000274658203,75.13600158691406,96.57599639892578
154,25.604000091552734,75.56400299072266,96.80599975585938
155,24.679000854492188,74.822998046875,96.46700286865234
156,27.718000411987305,74.64700317382812,97.88999938964844
157,29.020000457763672,74.0979995727539,97.61199951171875
158,26.84600067138672,73.57499694824219,98.53600311279297
159,25.402999877929688,76.76200103759766,97.35399627685547
160,24.05299949645996,77.30699920654297,97.52200317382812
161,23.292999267578125,77.38899993896484,96.20099639892578
162,22.066999435424805,77.22000122070312,96.1729965209961
163,24.084999084472656,78.69300079345703,98.15899658203125
164,24.43600082397461,78.81400299072266,99.64900207519531
165,24.60300064086914,80.27899932861328,100.05899810791016
166,23.375,78.1449966430664,100.5199966430664
167,24.01099967956543,77.6449966430664,95.11199951171875
168,23.360000610351562,77.80999755859375,93.81700134277344
169,22.933000564575195,76.45600128173828,93.2959976196289
170,21.92300033569336,76.34100341796875,92.60900115966797
171,24.280000686645508,78.52100372314453,92.8030014038086
172,24.61199951171875,79.97699737548828,93.17400360107422
173,25.423999786376953,80.72100067138672,92.09600067138672
174,25.815000534057617,80.08699798583984,91.0780029296875
175,25.670000076293945,81.94400024414062,92.2750015258789
176,23.702999114990234,75.4260025024414,93.63200378417969
177,23.367000579833984,74.06900024414062,93.2229995727539
178,22.14900016784668,73.572998046875,94.00399780273438
179,21.43600082397461,72.65299987792969,93.56500244140625
180,24.55900001525879,73.1510009765625,93.4229965209961
181,25.740999221801758,73.52300262451172,92.56500244140625
182,27.134000778198242,72.40799713134766,92.81300354003906
183,28.42799949645996,73.30999755859375,91.93299865722656
184,21.92099952697754,74.21199798583984,95.14900207519531
185,20.729000091552734,74.00900268554688,95.9739990234375
186,19.625999450683594,75.0270004272461,95.61799621582031
187,18.67300033569336,75.21299743652344,96.37000274658203
188,21.069000244140625,73.99400329589844,97.48799896240234
189,22.12700080871582,72.9530029296875,97.9260025024414
190,22.46299934387207,73.0530014038086,99.39900207519531
191,21.71500015258789,71.53199768066406,97.58999633789062
192,19.816999435424805,75.7490005493164,94.51799774169922
193,18.79400062561035,76.66699981689453,93.98799896240234
194,18.514999389648438,77.86900329589844,94.85800170898438
195,17.43400001525879,78.45899963378906,94.7770004272461
196,17.476999282836914,75.9280014038086,93.70099639892578
197,17.670000076293945,74.75199890136719,92.74800109863281
198,17.87299919128418,74.94100189208984,91.5459976196289
199,17.618000030517578,73.53600311279297,93.28199768066406
200,19.4950008392334,78.24500274658203,95.67500305175781
201,19.40999984741211,79.47200012207031,96.44200134277344
202,20.29599952697754,80.53199768066406,95.78500366210938
203,21.52400016784668,80.42400360107422,95.79000091552734
204,19.924999237060547,79.26000213623047,97.86399841308594
205,19.31100082397461,77.99400329589844,98.48100280761719
206,19.68600082397461,80.50900268554688,98.68399810791016
207,18.01799964904785,78.23200225830078,99.21800231933594
208,19.68000030517578,81.51499938964844,95.16100311279297
209,20.434999465942383,82.61699676513672,94.57099914550781
210,20.374000549316406,83.95600128173828,95.29499816894531
211,20.888999938964844,84.9520034790039,94.80000305175781
212,20.084999084472656,82.74600219726562,93.09500122070312
213,20.3439998626709,81.48699951171875,92.33300018310547
214,19.454999923706055,80.43299865722656,92.322998046875
215,21.410999298095703,81.09300231933594,91.60099792480469
216,19.951000213623047,79.4520034790039,91.58999633789062
217,21.136999130249023,79.8239974975586,91.13899993896484
218,19.674999237060547,84.0009994506836,96.41899871826172
219,19.422000885009766,85.27400207519531,97.0770034790039
220,19.259000778198242,85.06700134277344,98.56999969482422
221,18.91699981689453,83.9729995727539,99.01899719238281
222,18.136999130249023,85.91300201416016,96.5459976196289
223,18.18600082397461,86.29900360107422,95.10099792480469
224,18.405000686645508,87.59600067138672,94.68599700927734
225,17.99799919128418,85.57099914550781,93.9749984741211
226,18.365999221801758,87.64600372314453,93.36699676513672
227,18.121999740600586,86.43199920654297,92.91000366210938
228,19.499000549316406,86.12899780273438,99.3270034790039
229,19.28700065612793,86.12999725341797,100.76699829101562
230,17.791000366210938,85.91000366210938,101.0260009765625
231,16.95599937438965,86.30899810791016,100.19499969482422
232,19.815000534057617,87.45899963378906,101.36499786376953
233,19.323999404907227,87.69400024414062,102.8030014038086
234,21.34000015258789,87.4749984741211,101.31099700927734
235,17.464000701904297,85.22000122070312,102.12699890136719
236,16.06999969482422,84.89600372314453,102.48400115966797
237,15.399999618530273,83.85700225830078,101.57499694824219
238,14.218999862670898,83.552001953125,101.73500061035156
239,15.192000389099121,86.14800262451172,102.64199829101562
240,15.649999618530273,87.03099822998047,103.78600311279297
241,16.41900062561035,86.59100341796875,104.65299987792969
242,15.175000190734863,88.28099822998047,103.80699920654297
243,16.128999710083008,83.36100006103516,100.58399963378906
244,15.604000091552734,82.28099822998047,99.76200103759766
245,15.767000198364258,80.93699645996094,100.45099639892578
246,16.763999938964844,80.67900085449219,101.1500015258789
247,16.229999542236328,82.28099822998047,98.36100006103516
248,15.61400032043457,83.29399871826172,97.4469985961914
249,15.645999908447266,83.18399810791016,96.0719985961914
250,14.930000305175781,84.43299865722656,97.72200012207031
251,15.013999938964844,84.21800231933594,95.54100036621094
252,14.571000099182129,84.98999786376953,96.5199966430664
253,14.767000198364258,80.08499908447266,100.25800323486328
254,14.677000045776367,78.83899688720703,100.99700164794922
255,14.432000160217285,77.70099639892578,100.02400207519531
256,13.706999778747559,77.86499786376953,99.03399658203125
257,13.550999641418457,78.93000030517578,102.04100036621094
258,13.151000022888184,77.37300109863281,102.90799713134766
259,15.065999984741211,76.56099700927734,100.27799987792969
260,14.741000175476074,75.35299682617188,99.53199768066406
261,14.555999755859375,74.18699645996094,100.50499725341797
262,14.751999855041504,74.33899688720703,101.7239990234375
263,15.803000450134277,75.0250015258789,98.44599914550781
264,15.329000473022461,73.96800231933594,97.59400177001953
265,17.12299919128418,74.61599731445312,99.07499694824219
266,14.184000015258789,73.02999877929688,99.96399688720703
267,13.869999885559082,71.87000274658203,100.78399658203125
268,14.803999900817871,70.74700164794922,100.38200378417969
269,14.79800033569336,70.31500244140625,99.23100280761719
270,12.416000366210938,71.45500183105469,100.572998046875
271,11.35099983215332,72.53199768066406,100.80500030517578
272,9.960000038146973,71.95700073242188,100.5510025024414
273,11.442000389099121,73.10900115966797,102.19400024414062
274,15.637999534606934,70.2969970703125,101.31300354003906
275,16.634000778198242,69.29299926757812,100.96800231933594
276,16.47800064086914,67.97000122070312,101.73600006103516
277,16.547000885009766,67.94100189208984,102.97200012207031
278,18.084999084472656,69.87200164794922,101.00900268554688
279,18.20599937438965,70.96299743652344,102.0469970703125
280,19.097999572753906,68.79100036621094,101.26399993896484
281,16.24799919128418,66.875,100.99500274658203
282,16.165000915527344,65.5199966430664,101.5510025024414
283,17.474000930786133,65.16400146484375,102.2300033569336
284,18.523000717163086,65.65499877929688,101.7959976196289
285,15.973999977111816,64.63500213623047,100.31400299072266
286,16.451000213623047,65.4489974975586,99.177001953125
287,16.152999877929688,66.87799835205078,99.52799987792969
288,17.43000030517578,64.3280029296875,103.26599884033203
289,18.645000457763672,64.05699920654297,104.00800323486328
290,19.308000564575195,62.808998107910156,103.47100067138672
291,18.895000457763672,61.70399856567383,103.75700378417969
292,18.31599998474121,63.90399932861328,105.48799896240234
293,17.41900062561035,65.0270004272461,105.99700164794922
294,17.148000717163086,64.95099639892578,107.48699951171875
295,17.989999771118164,64.39399719238281,108.23100280761719
296,16.091999053955078,65.46399688720703,107.91200256347656
297,20.389999389648438,63.01599884033203,102.73400115966797
298,21.179000854492188,61.94499969482422,102.15599822998047
299,22.611000061035156,62.31100082397461,102.46800231933594
300,22.8700008392334,63.428001403808594,102.9280014038086
301,21.006000518798828,61.869998931884766,100.63700103759766
302,21.363000869750977,63.130001068115234,100.05699920654297
303,19.562999725341797,61.54999923706055,100.27400207519531
304,23.540000915527344,61.387001037597656,102.25399780273438
305,24.934999465942383,61.683998107910156,102.54399871826172
306,25.405000686645508,62.821998596191406,101.64700317382812
307,26.03499984741211,63.77399826049805,102.11399841308594
308,25.808000564575195,60.441001892089844,102.35399627685547
309,25.636999130249023,59.422000885009766,103.47699737548828
310,25.07200050354004,59.77299880981445,104.54199981689453
311,26.084999084472656,58.27199935913086,103.28800201416016
312,25.05500030517578,62.73099899291992,100.36699676513672
313,25.434999465942383,63.73500061035156,99.37999725341797
314,24.908000946044922,65.13099670410156,99.71600341796875
315,25.63800048828125,66.11599731445312,99.62200164794922
316,24.986000061035156,63.3120002746582,97.99099731445312
317,23.648000717163086,65.23100280761719,100.11000061035156
318,23.104999542236328,66.52899932861328,100.48999786376953
319,23.660999298095703,67.03500366210938,101.81600189208984
320,23.808000564575195,68.25,102.01100158691406
321,21.583999633789062,66.47599792480469,100.55799865722656
322,20.898000717163086,66.73500061035156,99.23300170898438
323,21.070999145507812,67.93800354003906,98.56900024414062
324,20.065000534057617,65.78700256347656,98.66100311279297
325,20.44700050354004,68.18800354003906,97.37200164794922
326,19.43899917602539,66.02400207519531,97.46600341796875
327,19.631000518798828,67.23300170898438,96.82499694824219
328,19.00200080871582,67.49199676513672,95.63099670410156
329,23.961000442504883,66.11299896240234,102.73200225830078
330,24.485000610351562,66.49099731445312,104.04399871826172
331,25.81599998474121,67.24700164794922,103.92900085449219
332,26.045000076293945,68.23500061035156,104.64399719238281
333,24.641000747680664,65.26699829101562,104.95600128173828
334,23.527000427246094,65.11199951171875,105.99400329589844
335,23.773000717163086,63.915000915527344,106.94400024414062
336,23.660999298095703,62.606998443603516,106.28299713134766
337,22.509000778198242,61.965999603271484,106.08100128173828
338,21.364999771118164,62.513999938964844,106.48799896240234
339,22.496999740600586,60.784000396728516,105.47000122070312
340,26.687000274658203,66.78399658203125,103.03399658203125
341,27.94700050354004,67.46499633789062,102.79100036621094
342,27.726999282836914,68.89900207519531,102.33899688720703
343,28.334999084472656,69.83599853515625,102.8759994506836
344,26.836999893188477,69.06700134277344,101.36900329589844
345,26.524999618530273,70.38600158691406,100.83699798583984
346,26.017000198364258,71.30799865722656,101.93399810791016
347,26.371999740600586,72.48999786376953,101.98899841308594
348,25.500999450683594,70.27300262451172,99.70800018310547
349,25.937999725341797,69.31999969482422,98.60199737548828
350,24.763999938964844,69.21299743652344,97.23899841308594
351,25.117000579833984,70.72599792480469,96.34100341796875
352,25.207000732421875,70.77100372314453,102.83399963378906
353,24.650999069213867,71.60800170898438,103.88400268554688
354,25.722000122070312,71.96800231933594,104.90799713134766
355,25.775999069213867,73.10299682617188,105.38700103759766
356,23.417999267578125,70.94999694824219,104.54100036621094
357,22.9060001373291,71.79299926757812,105.71700286865234
358,22.323999404907227,70.75700378417969,103.49299621582031
359,26.582000732421875,71.00299835205078,105.22000122070312
360,27.655000686645508,71.21099853515625,106.18699645996094
361,28.610000610351562,72.2979965209961,105.71199798583984
362,29.079999923706055,73.1050033569336,106.50800323486328
363,28.402999877929688,69.91600036621094,106.41400146484375
364,28.881999969482422,72.30999755859375,104.40499877929688
365,29.770999908447266,73.29199981689453,103.78099822998047
366,29.18400001525879,74.7030029296875,103.81400299072266
367,29.899999618530273,75.7030029296875,103.86299896240234
368,30.030000686645508,72.88999938964844,102.32599639892578
369,31.06800079345703,73.7509994506836,101.63200378417969
370,31.312000274658203,73.29299926757812,100.19400024414062
371,32.48099899291992,74.0530014038086,99.5719985961914
372,33.76300048828125,73.65599822998047,100.21600341796875
373,27.864999771118164,74.76300048828125,103.78700256347656
374,27.131000518798828,76.01100158691406,103.71900177001953
375,26.683000564575195,76.447998046875,105.13200378417969
376,26.091999053955078,77.51499938964844,105.33399963378906
377,25.996999740600586,75.8010025024414,102.6780014038086
378,24.636999130249023,76.23500061035156,103.16999816894531
379,26.38599967956543,76.43900299072266,101.35299682617188
380,27.073999404907227,75.64299774169922,106.12100219726562
381,26.597999572753906,75.74700164794922,107.50700378417969
382,26.63800048828125,77.14199829101562,108.13600158691406
383,25.788999557495117,77.46800231933594,108.97100067138672
384,27.375,74.74299621582031,108.37799835205078
385,27.166000366210938,74.95700073242188,109.87300109863281
386,26.152000427246094,74.53900146484375,110.43699645996094
387,28.135000228881836,75.60399627685547,110.52300262451172
388,27.608999252319336,77.97200012207031,107.74299621582031
389,27.79800033569336,79.26799774169922,108.40899658203125
390,27.093000411987305,80.43800354003906,107.73799896240234
391,27.167999267578125,81.57099914550781,108.21700286865234
392,29.291000366210938,79.55899810791016,108.54499816894531
393,30.06599998474121,78.34400177001953,109.03199768066406
394,29.97800064086914,78.01599884033203,110.24299621582031
395,30.742000579833984,77.70500183105469,108.19599914550781
396,26.496999740600586,80.17900085449219,106.58100128173828
397,25.715999603271484,81.197998046875,105.87200164794922
398,24.204999923706055,80.97000122070312,105.9020004272461
399,23.415000915527344,81.68699645996094,105.26399993896484
400,26.29400062561035,81.4219970703125,104.47899627685547
401,27.75,81.74099731445312,104.51499938964844
402,28.70400047302246,80.71800231933594,104.50199890136719
403,28.177000045776367,83.05699920654297,104.63200378417969
404,30.05900001525879,81.00499725341797,104.55799865722656
405,29.533000946044922,83.36100006103516,104.70099639892578
406,30.479000091552734,82.33000183105469,104.66100311279297
407,23.823999404907227,79.94000244140625,106.63899993896484
408,22.513999938964844,79.35199737548828,106.49099731445312
409,21.79599952697754,79.11699676513672,107.83100128173828
410,22.43199920654297,79.0979995727539,108.89900207519531
411,22.69300079345703,78.05599975585938,105.6989974975586
412,22.249000549316406,76.84300231933594,106.48699951171875
413,22.02199935913086,78.1780014038086,104.35700225830078
414,20.465999603271484,79.01599884033203,107.7699966430664
415,19.684999465942383,78.39299774169922,108.84100341796875
416,19.025999069213867,77.16799926757812,108.23400115966797
417,18.479000091552734,77.23799896240234,107.11699676513672
418,18.64299964904785,79.34200286865234,109.40399932861328
419,19.113000869750977,76.03900146484375,108.93499755859375
420,18.479000091552734,74.8239974975586,108.44300079345703
421,17.937000274658203,73.93900299072266,109.56099700927734
422,18.388999938964844,74.00299835205078,110.70999908447266
423,19.416000366210938,74.03199768066406,107.53199768066406
424,20.530000686645508,73.3219985961914,108.26000213623047
425,21.683000564575195,74.00700378417969,108.63200378417969
426,20.43600082397461,71.96800231933594,108.5479965209961
427,22.711999893188477,73.36100006103516,109.29299926757812
428,21.466999053955078,71.30999755859375,109.20999908447266
429,22.606000900268555,72.01100158691406,109.58200073242188
430,16.95199966430664,73.1240005493164,109.21399688720703
431,16.341999053955078,72.22599792480469,110.1709976196289
432,15.100000381469727,71.6050033569336,109.5790023803711
433,14.637999534606934,72.03800201416016,108.51899719238281
434,14.571999549865723,70.58000183105469,110.24700164794922
435,13.336000442504883,69.92900085449219,109.81600189208984
436,12.104999542236328,70.67500305175781,110.35099792480469
437,11.906999588012695,70.76200103759766,111.56500244140625
438,13.3149995803833,68.46900177001953,110.27300262451172
439,12.00100040435791,67.75700378417969,109.97899627685547
440,12.024999618530273,66.28399658203125,110.3479995727539
441,12.857000350952148,65.87799835205078,111.19400024414062
442,11.204000473022461,65.52999877929688,109.78199768066406
443,11.282999992370605,71.23100280761719,109.44200134277344
444,10.086000442504883,71.98100280761719,109.84600067138672
445,8.946999549865723,71.03299713134766,110.21900177001953
446,8.973999977111816,69.85900115966797,109.81800079345703
447,9.725000381469727,72.76699829101562,108.5770034790039
448,10.180999755859375,71.86599731445312,107.45700073242188
449,11.385000228881836,71.0979995727539,107.9739990234375
450,7.9679999351501465,71.52300262451172,110.97599792480469
451,6.769000053405762,70.73400115966797,111.24199676513672
452,5.88100004196167,70.76599884033203,110.00800323486328
453,5.978000164031982,71.6969985961914,109.19499969482422
454,6.006999969482422,71.29199981689453,112.43699645996094
455,5.48799991607666,72.5780029296875,112.15499877929688
456,5.0320000648498535,69.7509994506836,109.86000061035156
457,4.0929999351501465,69.69999694824219,108.74299621582031
458,3.2890000343322754,70.98400115966797,108.62699890136719
459,3.1710000038146973,71.55899810791016,107.54299926757812
460,3.128000020980835,68.53900146484375,108.91000366210938
461,1.9709999561309814,68.58000183105469,107.927001953125
462,2.0409998893737793,67.4469985961914,106.93199920654297
463,2.8459999561309814,66.52100372314453,107.08499908447266
464,1.1990000009536743,67.50700378417969,105.90599822998047
465,2.742000102996826,71.42500305175781,109.75399780273438
466,1.9529999494552612,72.64299774169922,109.7959976196289
467,2.7249999046325684,73.85800170898438,109.2699966430664
468,2.2119998931884766,74.61599731445312,108.44599914550781
469,1.4819999933242798,72.90499877929688,111.22699737548828
470,0.7379999756813049,74.21900177001953,111.40399932861328
471,0.1850000023841858,74.37999725341797,112.81099700927734
472,-0.550000011920929,75.36399841308594,113.06500244140625
473,0.48899999260902405,73.51799774169922,113.66500091552734
474,3.9519999027252197,74.04100036621094,109.75199890136719
475,4.769000053405762,75.17400360107422,109.33699798583984
476,5.046000003814697,75.08899688720703,107.83599853515625
477,4.896999835968018,76.08200073242188,107.10800170898438
478,6.0920000076293945,75.26699829101562,110.13500213623047
479,5.806000232696533,75.5270004272461,111.51300048828125
480,6.958000183105469,76.40699768066406,109.60800170898438
481,5.416999816894531,73.9000015258789,107.37300109863281
482,5.659999847412109,73.70099639892578,105.9540023803711
483,4.427000045776367,74.08200073242188,105.14800262451172
484,4.540999889373779,74.69100189208984,104.08300018310547
485,6.063000202178955,72.26399993896484,105.65799713134766
486,6.3379998207092285,71.97599792480469,104.18399810791016
487,7.294000148773193,73.0009994506836,103.61900329589844
488,6.925000190734863,70.5999984741211,104.01499938964844
489,3.252000093460083,73.75399780273438,105.6729965209961
490,1.9950000047683716,74.09100341796875,105.00700378417969
491,1.7790000438690186,75.60700225830078,104.94999694824219
492,1.2640000581741333,76.13999938964844,103.96199798583984
493,0.8090000152587891,73.40799713134766,105.71299743652344
494,0.6510000228881836,71.91200256347656,105.40899658203125
495,-0.4959999918937683,71.27300262451172,106.19300079345703
496,-1.3179999589920044,72.03199768066406,106.77100372314453
497,-0.5640000104904175,70.01599884033203,106.23600006103516
498,2.1619999408721924,76.30400085449219,106.01399993896484
499,1.9950000047683716,77.74600219726562,106.0260009765625
500,2.882999897003174,78.35900115966797,104.947998046875
501,2.428999900817871,79.16100311279297,104.13899993896484
502,2.3499999046325684,78.34300231933594,107.38600158691406
503,1.5299999713897705,77.74400329589844,108.4020004272461
504,2.134999990463257,79.8499984741211,107.37100219726562
505,4.138999938964844,77.93299865722656,104.9209976196289
506,5.132999897003174,78.48100280761719,104.0009994506836
507,4.824999809265137,78.13600158691406,102.53700256347656
508,4.867000102996826,79.01200103759766,101.66400146484375
509,6.551000118255615,78.01399993896484,104.39800262451172
510,7.534999847412109,78.25199890136719,103.27100372314453
511,6.997000217437744,78.70800018310547,105.68499755859375
512,4.51800012588501,76.86399841308594,102.28399658203125
513,4.060999870300293,76.41400146484375,100.9739990234375
514,2.878999948501587,77.24299621582031,100.48699951171875
515,2.8469998836517334,77.69599914550781,99.34100341796875
516,3.634999990463257,74.9540023803711,101.04199981689453
517,4.75600004196167,73.9260025024414,101.03900146484375
518,4.176000118255615,72.51899719238281,101.01399993896484
519,5.6570000648498535,74.15399932861328,99.84200286865234
520,1.8980000019073486,77.44300079345703,101.35900115966797
521,0.7139999866485596,78.17500305175781,100.94999694824219
522,1.097000002861023,79.59700012207031,100.55699920654297
523,0.6790000200271606,80.09700012207031,99.51300048828125
524,-0.3269999921321869,78.17900085449219,102.05999755859375
525,1.899999976158142,80.22899627685547,101.40899658203125
526,2.259000062942505,81.62799835205078,101.2509994506836
527,3.375,81.91600036621094,100.21399688720703
528,3.25,82.83399963378906,99.41999816894531
529,2.5910000801086426,82.25399780273438,102.63400268554688
530,2.815000057220459,83.66200256347656,102.49700164794922
531,3.825000047683716,81.61699676513672,103.24400329589844
532,4.485000133514404,81.18399810791016,100.26799774169922
533,5.620999813079834,81.46299743652344,99.38600158691406
534,5.89900016784668,80.51799774169922,98.21199798583984
535,6.888000011444092,80.69999694824219,97.50900268554688
536,6.896999835968018,81.697998046875,100.19999694824219
537,6.784999847412109,82.8290023803711,101.21600341796875
538,6.36299991607666,84.11699676513672,100.55699920654297
539,6.065000057220459,85.15799713134766,101.53500366210938
540,5.959000110626221,86.4469985961914,101.22699737548828
541,6.144000053405762,86.8479995727539,99.96800231933594
542,5.678999900817871,87.33899688720703,102.16999816894531
543,5.10099983215332,79.47899627685547,98.01000213623047
544,5.427999973297119,78.56999969482422,96.9010009765625
545,5.005000114440918,79.14600372314453,95.54499816894531
546,4.085000038146973,79.97000122070312,95.4729995727539
547,4.849999904632568,77.17900085449219,97.12000274658203
548,5.697999954223633,78.7300033569336,94.48200225830078
549,5.447999954223633,79.23999786376953,93.13200378417969
550,5.517000198364258,78.12799835205078,92.09500122070312
551,6.256999969482422,77.15699768066406,92.26000213623047
552,6.4730000495910645,80.32499694824219,92.74400329589844
553,6.419000148773193,81.6050033569336,93.56800079345703
554,7.428999900817871,82.6729965209961,93.10800170898438
555,8.637999534606934,82.35800170898438,92.93299865722656
556,7.002999782562256,83.83799743652344,92.93199920654297
557,4.760000228881836,78.27899932861328,90.99600219726562
558,4.919000148773193,77.39700317382812,89.83300018310547
559,6.308000087738037,77.5719985961914,89.20600128173828
560,6.954999923706055,78.59300231933594,89.43099975585938
561,3.8610000610351562,77.91899871826172,88.85900115966797
562,2.869999885559082,78.66000366210938,89.72000122070312
563,3.680000066757202,79.26499938964844,90.80599975585938
564,6.750999927520752,76.58999633789062,88.43000030517578
565,7.997000217437744,76.69599914550781,87.68000030517578
566,8.072999954223633,78.02400207519531,86.91200256347656
567,9.11299991607666,78.70099639892578,86.91899871826172
568,8.130999565124512,75.51699829101562,86.71199798583984
569,9.326000213623047,74.59600067138672,86.9520034790039
570,10.031000137329102,74.94200134277344,88.26899719238281
571,8.92300033569336,73.1259994506836,86.93299865722656
572,6.961999893188477,78.4000015258789,86.2770004272461
573,6.8480000495910645,79.70500183105469,85.63099670410156
574,5.585999965667725,80.43499755859375,86.0770034790039
575,4.556000232696533,79.80599975585938,86.33899688720703
576,6.854000091552734,79.55500030517578,84.10800170898438
577,8.069999694824219,78.81800079345703,83.58899688720703
578,8.1899995803833,78.87999725341797,82.0770034790039
579,7.190999984741211,79.24400329589844,81.40899658203125
580,9.291000366210938,78.57499694824219,81.56199645996094
581,5.664000034332275,81.76000213623047,86.16999816894531
582,4.498000144958496,82.56500244140625,86.48500061035156
583,4.329999923706055,82.8290023803711,87.96800231933594
584,4.9679999351501465,82.1719970703125,88.79499816894531
585,3.493000030517578,83.81800079345703,88.28700256347656
586,3.2209999561309814,84.24500274658203,89.66400146484375
587,1.9459999799728394,83.66400146484375,90.31400299072266
588,1.5119999647140503,84.1500015258789,91.36100006103516
589,3.259000062942505,85.77300262451172,89.78700256347656
590,2.193000078201294,86.44100189208984,88.96099853515625
591,1.5219999551773071,85.72899627685547,88.17900085449219
592,2.0309998989105225,87.6729965209961,89.08000183105469
593,1.309000015258789,82.68800354003906,89.6719970703125
594,0.08500000089406967,82.08000183105469,90.22000122070312
595,0.20200000703334808,81.65399932861328,91.69400024414062
596,1.2120000123977661,81.07099914550781,92.0989990234375
597,-0.3319999873638153,80.88200378417969,89.37699890136719
598,-0.828000009059906,81.96499633789062,92.48500061035156
599,-0.9369999766349792,81.4749984741211,93.86399841308594
600,-0.9900000095367432,79.95700073242188,93.90799713134766
601,-1.7949999570846558,79.34200286865234,93.20099639892578
602,-2.2070000171661377,82.0,94.51899719238281
603,-2.131999969482422,83.46700286865234,94.83300018310547
604,-1.3300000429153442,84.1709976196289,94.18199920654297
605,-2.875999927520752,83.91699981689453,95.73400115966797
606,-0.14499999582767487,79.34700012207031,94.73500061035156
607,-0.23600000143051147,77.90499877929688,94.93299865722656
608,-1.11899995803833,77.62799835205078,96.14099884033203
609,-0.746999979019165,77.90599822998047,97.28700256347656
610,1.1380000114440918,77.26000213623047,95.13200378417969
611,0.9879999756813049,75.81500244140625,95.58399963378906
612,1.9179999828338623,77.3239974975586,93.83300018310547
613,-2.302999973297119,77.09100341796875,95.8740005493164
614,-3.247999906539917,76.76000213623047,96.93199920654297
615,-3.7339999675750732,75.34200286865234,96.70700073242188
616,-3.2790000438690186,74.66500091552734,95.76499938964844
617,-4.420000076293945,77.74299621582031,96.94999694824219
618,-5.035999774932861,77.9489974975586,95.57099914550781
619,-4.927000045776367,77.0459976196289,94.7040023803711
620,-5.638000011444092,79.02300262451172,95.36199951171875
621,-4.64900016784668,74.89900207519531,97.57099914550781
622,-5.201000213623047,73.5510025024414,97.48600006103516
623,-5.743000030517578,73.27400207519531,96.08899688720703
624,-5.448999881744385,72.22599792480469,95.50199890136719
625,-6.27400016784668,73.3479995727539,98.55599975585938
626,-5.685999870300293,73.29900360107422,99.95899963378906
627,-4.5879998207092285,72.71399688720703,100.11499786376953
628,-6.308000087738037,73.85099792480469,100.9000015258789
629,-6.493000030517578,74.23400115966797,95.54299926757812
630,-7.0289998054504395,74.09700012207031,94.19499969482422
631,-5.9039998054504395,73.93499755859375,93.17400360107422
632,-5.953000068664551,73.04100036621094,92.32099914550781
633,-7.916999816894531,75.28800201416016,93.83000183105469
634,-8.515000343322754,75.1780014038086,92.4260025024414
635,-9.489999771118164,76.3030014038086,92.0979995727539
636,-9.541000366210938,77.302001953125,92.8550033569336
637,-10.204999923706055,76.1760025024414,91.0770034790039
638,-4.885000228881836,74.78700256347656,93.28099822998047
639,-3.7179999351501465,74.69599914550781,92.41000366210938
640,-3.0460000038146973,73.33000183105469,92.5530014038086
641,-2.7929999828338623,72.64099884033203,91.55599975585938
642,-2.7119998931884766,75.8270034790039,92.7020034790039
643,-1.7109999656677246,76.0009994506836,91.58999633789062
644,-1.7489999532699585,76.93099975585938,90.59200286865234
645,-0.5410000085830688,75.19599914550781,91.34500122070312
646,-0.675000011920929,76.75800323486328,89.74700164794922
647,0.07900000363588333,75.7020034790039,90.18599700927734
648,0.041999999433755875,74.1050033569336,91.99700164794922
649,1.2549999952316284,75.15399932861328,89.66899871826172
650,1.2070000171661377,73.55599975585938,91.4749984741211
651,1.8020000457763672,74.08300018310547,90.3270034790039
652,-2.7690000534057617,72.94499969482422,93.7979965209961
653,-2.109999895095825,71.66999816894531,94.08799743652344
654,-2.9230000972747803,70.51000213623047,93.53099822998047
655,-2.380000114440918,69.60099792480469,92.9000015258789
656,-1.8910000324249268,71.4739990234375,95.61000061035156
657,-1.3849999904632568,70.0739974975586,95.91699981689453
658,-0.9229999780654907,72.51599884033203,96.14600372314453
659,-4.234000205993652,70.55899810791016,93.75399780273438
660,-5.125999927520752,69.50499725341797,93.28199768066406
661,-5.105999946594238,69.427001953125,91.76100158691406
662,-5.021999835968018,68.33799743652344,91.18399810791016
663,-6.534999847412109,69.75199890136719,93.78199768066406
664,-5.168000221252441,70.59300231933594,91.12300109863281
665,-5.1620001792907715,70.68599700927734,89.66400146484375
666,-3.8380000591278076,70.27400207519531,89.0009994506836
667,-3.8450000286102295,69.58799743652344,87.97000122070312
668,-5.52400016784668,72.11000061035156,89.23799896240234
669,-5.539000034332275,72.33200073242188,87.73600006103516
670,-6.855999946594238,71.91799926757812,87.08899688720703
671,-7.617000102996826,71.13500213623047,87.71199798583984
672,-7.132999897003174,72.38400268554688,85.95700073242188
673,-2.7149999141693115,70.73699951171875,89.55799865722656
674,-1.4110000133514404,70.54900360107422,88.91000366210938
675,-0.492000013589859,69.43499755859375,89.41500091552734
676,0.5400000214576721,69.16000366210938,88.79900360107422
677,-0.652999997138977,71.87799835205078,88.8759994506836
678,-1.343000054359436,72.93199920654297,88.06999969482422
679,-2.071000099182129,73.9540023803711,88.64299774169922
680,-1.4429999589920044,73.10399627685547,86.72899627685547
681,-2.5769999027252197,74.72000122070312,87.69200134277344
682,-2.2100000381469727,74.22699737548828,86.52200317382812
683,-0.8619999885559082,68.77100372314453,90.50399780273438
684,0.07100000232458115,67.8290023803711,91.1240005493164
685,-0.5,66.43900299072266,91.35800170898438
686,-1.6330000162124634,66.13800048828125,90.98200225830078
687,0.5950000286102295,68.34700012207031,92.4800033569336
688,-0.4620000123977661,68.30799865722656,93.4489974975586
689,1.11899995803833,69.7770004272461,92.3479995727539
690,0.3019999861717224,65.60299682617188,92.00700378417969
691,-0.10899999737739563,64.2509994506836,92.3499984741211
692,-0.8730000257492065,64.23999786376953,93.6729965209961
693,-1.2369999885559082,63.180999755859375,94.17500305175781
694,1.1019999980926514,63.316001892089844,92.40599822998047
695,1.843000054359436,63.25,91.08100128173828
696,1.2890000343322754,63.73699951171875,90.072998046875
697,2.9719998836517334,62.70800018310547,91.03800201416016
698,-1.1119999885559082,65.41899871826172,94.23799896240234
699,-1.687999963760376,65.49600219726562,95.5780029296875
700,-3.006999969482422,66.27899932861328,95.63800048828125
701,-3.3489999771118164,67.02999877929688,94.70800018310547
702,-0.6340000033378601,65.99500274658203,96.58899688720703
703,0.6200000047683716,65.14199829101562,96.53399658203125
704,0.7329999804496765,63.98899841308594,97.302001953125
705,1.6660000085830688,65.45700073242188,95.66699981689453
706,1.86899995803833,63.18000030517578,97.23100280761719
707,2.802999973297119,64.65299987792969,95.58499908447266
708,2.8970000743865967,63.52000045776367,96.37100219726562
709,4.019000053405762,62.72700119018555,96.29900360107422
710,-3.759000062942505,66.05500030517578,96.71700286865234
711,-5.118000030517578,66.58100128173828,96.84200286865234
712,-5.1570000648498535,68.03199768066406,97.2979965209961
713,-6.050000190734863,68.80899810791016,96.9260025024414
714,-5.929999828338623,65.71099853515625,97.80899810791016
715,-6.158999919891357,64.30699920654297,97.2770004272461
716,-5.96999979019165,64.08799743652344,96.05899810791016
717,-6.533999919891357,63.42499923706055,98.08100128173828
718,-4.184000015258789,68.38600158691406,98.12200164794922
719,-4.129000186920166,69.71199798583984,98.71099853515625
720,-2.7090001106262207,69.95500183105469,99.23300170898438
721,-1.843000054359436,69.0719985961914,99.14299774169922
722,-5.170000076293945,69.8239974975586,99.83100128173828
723,-4.984000205993652,68.76499938964844,100.92500305175781
724,-4.353000164031982,67.70800018310547,100.66799926757812
725,-5.4770002365112305,68.99400329589844,102.05500030517578
726,-2.4690001010894775,71.14600372314453,99.76799774169922
727,-1.1510000228881836,71.49099731445312,100.29100036621094
728,-0.6499999761581421,70.48300170898438,101.34700012207031
729,0.5270000100135803,70.08399963378906,101.3270034790039
730,-1.1490000486373901,72.93699645996094,100.822998046875
731,-1.4609999656677246,73.90299987792969,99.6719970703125
732,0.17399999499320984,73.2760009765625,101.52100372314453
733,-1.5529999732971191,75.36199951171875,100.08399963378906
734,-1.5490000247955322,70.05599975585938,102.23699951171875
735,-1.2230000495910645,69.05400085449219,103.25499725341797
736,-0.5740000009536743,67.81500244140625,102.66600036621094
737,0.45500001311302185,67.3479995727539,103.16400146484375
738,-2.4690001010894775,68.64600372314453,104.04000091552734
739,-2.8320000171661377,69.65699768066406,104.95999908447266
740,-1.1759999990463257,67.28500366210938,101.60600280761719
741,-0.6539999842643738,66.0999984741211,100.947998046875
742,0.6980000138282776,66.3270034790039,100.29900360107422
743,1.5169999599456787,65.4000015258789,100.19499969482422
744,0.9279999732971191,67.56199645996094,99.8489990234375
745,2.2219998836517334,67.93000030517578,99.28199768066406
746,3.252000093460083,68.03399658203125,100.39700317382812
747,4.306000232696533,67.4020004272461,100.33599853515625
748,2.122999906539917,69.24500274658203,98.5
749,3.3550000190734863,69.76899719238281,97.74600219726562
750,4.059000015258789,68.67500305175781,96.94400024414062
751,2.9189999103546143,70.87799835205078,96.8280029296875
752,2.9230000972747803,68.80799865722656,101.42500305175781
753,3.802999973297119,68.94000244140625,102.5770034790039
754,4.224999904632568,67.56999969482422,103.09600067138672
755,5.415999889373779,67.33300018310547,103.3479995727539
756,3.135999917984009,69.75,103.68399810791016
757,3.260999917984009,66.66100311279297,103.23400115966797
758,3.572000026702881,65.36299896240234,103.81600189208984
759,4.531000137329102,64.58399963378906,102.92400360107422
760,5.48199987411499,63.96200180053711,103.41100311279297
761,2.312999963760376,64.53800201416016,104.10399627685547
762,2.615000009536743,63.15800094604492,104.62000274658203
763,2.8970000743865967,62.95100021362305,105.96099853515625
764,2.6519999504089355,62.073001861572266,103.75800323486328
765,3.200000047683716,61.68000030517578,106.43399810791016
766,2.947999954223633,60.80500030517578,104.2239990234375
767,3.2239999771118164,60.61000061035156,105.56400299072266
768,4.2820000648498535,64.62699890136719,101.61900329589844
769,5.144000053405762,63.94200134277344,100.65899658203125
770,6.573999881744385,64.49700164794922,100.67400360107422
771,7.546999931335449,63.742000579833984,100.56400299072266
772,4.556000232696533,64.04499816894531,99.27300262451172
773,6.692999839782715,65.81600189208984,100.79900360107422
774,7.998000144958496,66.45800018310547,100.81099700927734
775,8.767999649047852,66.0250015258789,102.05899810791016
776,9.92199993133545,65.58599853515625,101.97100067138672
777,7.848999977111816,67.98500061035156,100.75199890136719
778,7.284999847412109,68.62100219726562,99.4729995727539
779,6.870999813079834,70.07099914550781,99.72599792480469
780,8.28499984741211,68.53600311279297,98.31199645996094
781,8.112000465393066,66.13500213623047,103.21600341796875
782,8.687000274658203,65.7239990234375,104.49600219726562
783,9.10200023651123,64.25299835205078,104.51799774169922
784,10.07800006866455,63.887001037597656,105.1760025024414
785,7.697999954223633,66.0270004272461,105.61299896240234
786,7.802000045776367,67.48799896240234,106.0260009765625
787,6.613999843597412,67.9469985961914,106.84600067138672
788,9.093999862670898,67.66400146484375,106.81099700927734
789,8.375,63.43000030517578,103.76599884033203
790,8.63700008392334,62.00299835205078,103.66400146484375
791,9.618000030517578,61.742000579833984,102.54399871826172
792,9.944999694824219,60.57600021362305,102.2509994506836
793,7.3429999351501465,61.25600051879883,103.33200073242188
794,6.296000003814697,61.625999450683594,104.20999908447266
795,10.04699993133545,62.82600021362305,101.89299774169922
796,10.979000091552734,62.750999450683594,100.76799774169922
797,10.512999534606934,61.7869987487793,99.66500091552734
798,11.303000450134277,61.00299835205078,99.13400268554688
799,12.390999794006348,62.40999984741211,101.26899719238281
800,12.883000373840332,63.374000549316406,102.36299896240234
801,14.182000160217285,62.926998138427734,103.02899932861328
802,14.786999702453613,61.92100143432617,102.56700134277344
803,14.59000015258789,63.584999084472656,104.0199966430664
804,9.220999717712402,61.8380012512207,99.34100341796875
805,8.666000366210938,61.01100158691406,98.2699966430664
806,8.61299991607666,61.74100112915039,96.9209976196289
807,8.401000022888184,61.12099838256836,95.86900329589844
808,7.267000198364258,60.51900100708008,98.66500091552734
809,6.88100004196167,59.183998107910156,98.04000091552734
810,7.807000160217285,58.055999755859375,98.46900177001953
811,8.196000099182129,58.029998779296875,99.65899658203125
812,8.149999618530273,57.20399856567383,97.61799621582031
813,8.829000473022461,63.05500030517578,96.95899963378906
814,8.77400016784668,63.89500045776367,95.76599884033203
815,9.574999809265137,65.17900085449219,96.01000213623047
816,10.12399959564209,65.37699890136719,97.0979995727539
817,7.309000015258789,64.24800109863281,95.4010009765625
818,7.223999977111816,64.66799926757812,94.03399658203125
819,6.769999980926514,65.3489990234375,96.30000305175781
820,9.64900016784668,66.03900146484375,94.99500274658203
821,10.312000274658203,67.34400177001953,95.11100006103516
822,9.38599967956543,68.4209976196289,94.55599975585938
823,8.46500015258789,68.10900115966797,93.7979965209961
824,11.67199993133545,67.38800048828125,94.35199737548828
825,11.475000381469727,67.06900024414062,92.96600341796875
826,12.642000198364258,66.39900207519531,94.94200134277344
827,9.628999710083008,69.6780014038086,94.93299865722656
828,8.83899974822998,70.8030014038086,94.43800354003906
829,8.855999946594238,70.87699890136719,92.9219970703125
830,7.86299991607666,71.23200225830078,92.29299926757812
831,9.388999938964844,72.10099792480469,94.98500061035156
832,9.086000442504883,72.41400146484375,96.43699645996094
833,10.067999839782715,73.46800231933594,96.90599822998047
834,7.6570000648498535,72.9219970703125,96.55899810791016
835,9.99899959564209,70.52999877929688,92.34700012207031
836,10.182999610900879,70.56800079345703,90.90799713134766
837,9.468000411987305,69.39800262451172,90.1989974975586
838,8.989999771118164,69.5479965209961,89.06900024414062
839,11.685999870300293,70.5739974975586,90.59700012207031
840,12.024999618530273,70.80999755859375,89.13700103759766
841,13.522000312805176,70.7490005493164,88.91799926757812
842,14.170999526977539,72.03700256347656,89.15499877929688
843,15.420000076293945,72.15699768066406,89.58499908447266
844,16.121000289916992,71.05799865722656,89.8239974975586
845,15.968000411987305,73.35700225830078,89.77400207519531
846,9.399999618530273,68.24400329589844,90.86699676513672
847,8.706000328063965,67.0719985961914,90.3239974975586
848,7.21999979019165,67.36900329589844,90.18099975585938
849,6.552000045776367,66.85099792480469,89.29100036621094
850,8.902999877929688,65.8479995727539,91.2300033569336
851,9.968000411987305,64.85900115966797,90.75199890136719
852,10.152999877929688,63.66699981689453,91.697998046875
853,9.234000205993652,63.37099838256836,92.50199890136719
854,11.227999687194824,63.02299880981445,91.63700103759766
855,6.715000152587891,68.20899963378906,91.072998046875
856,5.314000129699707,68.5999984741211,91.06500244140625
857,5.064000129699707,69.88999938964844,90.28099822998047
858,3.9739999771118164,70.45700073242188,90.36000061035156
859,4.77400016784668,68.70099639892578,92.49600219726562
860,4.932000160217285,67.39700317382812,93.28700256347656
861,4.441999912261963,66.18399810791016,92.51000213623047
862,3.361999988555908,66.21600341796875,91.9209976196289
863,5.23799991607666,65.11199951171875,92.49700164794922
864,6.091000080108643,70.38300323486328,89.58300018310547
865,5.940999984741211,71.53399658203125,88.70500183105469
866,6.0289998054504395,72.87200164794922,89.41699981689453
867,5.50600004196167,73.87999725341797,88.93599700927734
868,6.688000202178955,72.88700103759766,90.57099914550781
869,6.876999855041504,74.12999725341797,91.31700134277344
870,8.347000122070312,74.5770034790039,91.30400085449219
871,9.258999824523926,73.74400329589844,91.18199920654297
872,6.414999961853027,73.96099853515625,92.76399993896484
873,4.921999931335449,73.88700103759766,93.06099700927734
874,4.580999851226807,72.53600311279297,93.66600036621094
875,4.546999931335449,74.99299621582031,94.01899719238281
876,8.574000358581543,75.88600158691406,91.41000366210938
877,9.928999900817871,76.39700317382812,91.62999725341797
878,10.529999732971191,75.79399871826172,92.90299987792969
879,9.864999771118164,75.73600006103516,93.95099639892578
880,9.928000450134277,77.91600036621094,91.75
881,11.189000129699707,78.37799835205078,92.20899963378906
882,11.795999526977539,75.3550033569336,92.81600189208984
883,12.517999649047852,74.71800231933594,93.91899871826172
884,12.730999946594238,75.69200134277344,95.06099700927734
885,13.130999565124512,75.27300262451172,96.14700317382812
886,13.871000289916992,74.34300231933594,93.30000305175781
887,13.729000091552734,74.5530014038086,91.8499984741211
888,12.666999816894531,75.5780029296875,91.65499877929688
889,12.505000114440918,76.97799682617188,94.81800079345703
890,12.807000160217285,77.98500061035156,95.82499694824219
891,11.54800033569336,78.56999969482422,96.43099975585938
892,10.604000091552734,78.91100311279297,95.7239990234375
893,13.612000465393066,79.15699768066406,95.23100280761719
894,14.614999771118164,78.65499877929688,94.33499908447266
895,14.276000022888184,79.9739990234375,96.34400177001953
896,11.543999671936035,78.70700073242188,97.74600219726562
897,10.491000175476074,79.4469985961914,98.39399719238281
898,11.11400032043457,80.79000091552734,98.72799682617188
899,12.076000213623047,80.86299896240234,99.50900268554688
900,10.020999908447266,78.71499633789062,99.66200256347656
901,9.762999534606934,77.20600128173828,99.49800109863281
902,9.640999794006348,76.51699829101562,100.85299682617188
903,8.532999992370605,76.91500091552734,98.62999725341797
904,10.583000183105469,81.86100006103516,98.1500015258789
905,11.206999778747559,83.15299987792969,98.37899780273438
906,10.536999702453613,83.80500030517578,99.5770034790039
907,9.428000450134277,84.34200286865234,99.47799682617188
908,11.086999893188477,84.02100372314453,97.12000274658203
909,11.697999954223633,83.3489990234375,95.85299682617188
910,11.571000099182129,84.21099853515625,94.55699920654297
911,10.190999984741211,84.51499938964844,94.15599822998047
912,9.527999877929688,85.61599731445312,94.52799987792969
913,10.114999771118164,86.5199966430664,95.30999755859375
914,8.27400016784668,85.8280029296875,94.12799835205078
915,11.246999740600586,83.79000091552734,100.7040023803711
916,10.701000213623047,84.2699966430664,101.96700286865234
917,10.779000282287598,85.77899932861328,102.14900207519531
918,11.57699966430664,86.4489974975586,101.4990005493164
919,11.366999626159668,83.57499694824219,103.13600158691406
920,11.42199993133545,82.05599975585938,103.02300262451172
921,11.90999984741211,81.46900177001953,104.34100341796875
922,10.079999923706055,81.4800033569336,102.625
923,9.920999526977539,86.29199981689453,103.02100372314453
924,9.939000129699707,87.67400360107422,103.46700286865234
925,11.003999710083008,87.78600311279297,104.56600189208984
926,11.39900016784668,86.77100372314453,105.14800262451172
927,8.562999725341797,87.96299743652344,104.04499816894531
928,8.281999588012695,89.40499877929688,104.31999969482422
929,8.600000381469727,90.01000213623047,105.52100372314453
930,7.636000156402588,90.33899688720703,103.58399963378906
931,8.196000099182129,91.26899719238281,105.49400329589844
932,7.607999801635742,91.4990005493164,104.33300018310547
933,11.50100040435791,89.00499725341797,104.84400177001953
934,12.380000114440918,89.1510009765625,106.01300048828125
935,11.642999649047852,88.75399780273438,107.2969970703125
936,10.41100025177002,88.87300109863281,107.34200286865234
937,12.687999725341797,90.65499877929688,106.03399658203125
938,12.592000007629395,91.06500244140625,104.61599731445312
939,11.482999801635742,90.22100067138672,104.01000213623047
940,12.381999969482422,88.28099822998047,108.31800079345703
941,11.720999717712402,87.79499816894531,109.53700256347656
942,11.083000183105469,88.91100311279297,110.35800170898438
943,11.772000312805176,89.84400177001953,110.7969970703125
944,12.880000114440918,87.16899871826172,110.322998046875
945,14.083000183105469,87.95600128173828,109.9020004272461
946,13.85099983215332,88.27200317382812,108.44100189208984
947,9.79800033569336,88.76300048828125,110.65899658203125
948,9.109000205993652,89.78700256347656,111.43499755859375
949,9.654000282287598,89.72000122070312,112.85900115966797
950,9.852999687194824,88.62799835205078,113.40599822998047
951,7.5970001220703125,89.56500244140625,111.39199829101562
952,7.034999847412109,89.5009994506836,109.97599792480469
953,5.8460001945495605,88.55999755859375,109.8740005493164
954,5.131999969482422,88.69599914550781,108.60099792480469
955,5.441999912261963,88.03800201416016,107.47899627685547
956,6.464000225067139,87.18399810791016,107.44200134277344
957,4.7220001220703125,88.2300033569336,106.38200378417969
958,9.939000129699707,90.88400268554688,113.43699645996094
959,10.588000297546387,90.93599700927734,114.73500061035156
960,12.104000091552734,90.79199981689453,114.68800354003906
961,12.779999732971191,91.01499938964844,115.6989974975586
962,12.640999794006348,90.41699981689453,113.5260009765625
963,14.07800006866455,90.26300048828125,113.36000061035156
964,14.53600025177002,88.85700225830078,113.68399810791016
965,13.807000160217285,88.11599731445312,114.33699798583984
966,15.723999977111816,88.46800231933594,113.2229995727539
967,16.260000228881836,87.15799713134766,113.60299682617188
968,17.29800033569336,87.25700378417969,114.73699951171875
969,17.52199935913086,88.34500122070312,115.27300262451172
970,16.756000518798828,86.36199951171875,112.38200378417969
971,17.823999404907227,87.0469970703125,111.58399963378906
972,18.908000946044922,87.6760025024414,112.16300201416016
973,17.992000579833984,87.16699981689453,110.23999786376953
974,19.690000534057617,88.16400146484375,111.21199798583984
975,19.156999588012695,87.86599731445312,110.03700256347656
976,17.922000885009766,86.13800048828125,115.10600280761719
977,18.84000015258789,86.12799835205078,116.25900268554688
978,20.27899932861328,86.5739974975586,115.94100189208984
979,21.165000915527344,86.51399993896484,116.80000305175781
980,18.827999114990234,84.76699829101562,116.97100067138672
981,17.525999069213867,84.51899719238281,117.72699737548828
982,16.950000762939453,85.50299835205078,118.25499725341797
983,17.072999954223633,83.3479995727539,117.76799774169922
984,20.493999481201172,87.00599670410156,114.69999694824219
985,21.76099967956543,87.57099914550781,114.26399993896484
986,22.607999801635742,86.62999725341797,113.43000030517578
987,22.613000869750977,85.41300201416016,113.64600372314453
988,23.326000213623047,87.20600128173828,112.46600341796875
989,24.159000396728516,86.43000030517578,111.54100036621094
990,25.64299964904785,86.31900024414062,111.93399810791016
991,26.475000381469727,85.91100311279297,111.11900329589844
992,23.974000930786133,86.87000274658203,110.07499694824219
993,22.597999572753906,86.43699645996094,109.58699798583984
994,24.150999069213867,88.38600158691406,109.9219970703125
995,25.996000289916992,86.75900268554688,113.14099884033203
996,27.368000030517578,86.56099700927734,113.61000061035156
997,27.600000381469727,85.36199951171875,114.5459976196289
998,28.742000579833984,85.09400177001953,114.93599700927734
999,27.90999984741211,87.8499984741211,114.23400115966797
1000,27.924999237060547,89.0009994506836,113.24400329589844
1001,28.5310001373291,90.26899719238281,113.81500244140625
1002,28.80500030517578,91.27400207519531,112.68599700927734
1003,29.191999435424805,90.58100128173828,111.43399810791016
1004,26.538999557495117,84.64099884033203,114.90399932861328
1005,26.652000427246094,83.56199645996094,115.9010009765625
1006,25.714000701904297,82.38600158691406,115.58799743652344
1007,24.625999450683594,82.58000183105469,115.02300262451172
1008,26.329999923706055,84.09700012207031,117.302001953125
1009,27.295000076293945,85.1240005493164,117.80999755859375
1010,28.55500030517578,84.7969970703125,118.27300262451172
1011,27.17099952697754,86.46700286865234,117.97100067138672
1012,29.173999786376953,85.89600372314453,118.67500305175781
1013,28.35700035095215,86.9229965209961,118.50700378417969
1014,26.118999481201172,81.15699768066406,115.96499633789062
1015,25.233999252319336,80.01100158691406,115.70899963378906
1016,24.117000579833984,79.88600158691406,116.76499938964844
1017,24.086999893188477,80.66400146484375,117.73100280761719
1018,26.19099998474121,78.81400299072266,115.7699966430664
1019,27.26099967956543,79.23500061035156,116.69499969482422
1020,27.4060001373291,80.74400329589844,116.55400085449219
1021,23.211999893188477,78.92400360107422,116.5719985961914
1022,22.052000045776367,78.76899719238281,117.44999694824219
1023,22.490999221801758,78.57499694824219,118.89800262451172
1024,21.9689998626709,79.23799896240234,119.79100036621094
1025,21.139999389648438,77.59200286865234,117.03099822998047
1026,19.9689998626709,77.47799682617188,117.98500061035156
1027,20.625999450683594,77.78199768066406,115.61499786376953
1028,23.474000930786133,77.69999694824219,119.12000274658203
1029,23.94300079345703,77.41899871826172,120.4800033569336
1030,24.524999618530273,78.61599731445312,121.23999786376953
1031,24.60099983215332,78.58200073242188,122.46600341796875
1032,24.93600082397461,76.26399993896484,120.47899627685547
1033,24.281999588012695,74.9229965209961,120.18800354003906
1034,25.26300048828125,73.78700256347656,120.39299774169922
1035,24.628999710083008,72.45099639892578,120.04399871826172
1036,25.697999954223633,71.43099975585938,119.86199951171875
1037,24.97100067138672,79.64700317382812,120.52300262451172
1038,25.378999710083008,80.91200256347656,121.15499877929688
1039,24.29599952697754,81.98300170898438,121.0999984741211
1040,24.547000885009766,83.12699890136719,121.45600128173828
1041,26.683000564575195,81.45999908447266,120.56700134277344
1042,27.823999404907227,80.44100189208984,120.53900146484375
1043,29.150999069213867,81.06099700927734,120.11100006103516
1044,29.155000686645508,81.9020004272461,119.1780014038086
1045,30.19499969482422,80.70899963378906,120.70700073242188
1046,23.110000610351562,81.63600158691406,120.60700225830078
1047,22.006000518798828,82.58100128173828,120.6050033569336
1048,21.81800079345703,83.30999755859375,119.28299713134766
1049,20.993000030517578,84.23100280761719,119.18699645996094
1050,22.572999954223633,82.90799713134766,118.26100158691406
1051,22.415000915527344,83.49400329589844,116.93699645996094
1052,21.49799919128418,82.65899658203125,116.06199645996094
1053,20.893999099731445,81.69599914550781,116.5510025024414
1054,21.371000289916992,83.0270004272461,114.78700256347656
1055,20.482999801635742,82.31999969482422,113.85700225830078
1056,21.14900016784668,81.31900024414062,112.90699768066406
1057,20.472999572753906,80.69499969482422,112.08599853515625
1058,19.660999298095703,83.3219985961914,113.0510025024414
1059,18.275999069213867,82.81800079345703,112.64600372314453
1060,17.31399917602539,82.73899841308594,113.83100128173828
1061,16.97599983215332,83.76300048828125,114.45800018310547
1062,16.882999420166016,81.51599884033203,114.15599822998047
1063,22.465999603271484,81.1780014038086,112.9800033569336
1064,23.16900062561035,80.34600067138672,111.99500274658203
1065,23.232999801635742,78.86100006103516,112.35299682617188
1066,23.34000015258789,78.49400329589844,113.52999877929688
1067,24.590999603271484,80.85199737548828,111.78900146484375
1068,24.729999542236328,82.31500244140625,111.39199829101562
1069,26.18600082397461,82.74299621582031,111.53800201416016
1070,24.208999633789062,82.54100036621094,109.96800231933594
1071,23.167999267578125,78.01300048828125,111.33100128173828
1072,23.3799991607666,76.58599853515625,111.49700164794922
1073,22.1299991607666,75.76499938964844,111.7959976196289
1074,20.999000549316406,76.22599792480469,111.59600067138672
1075,22.344999313354492,74.54100036621094,112.27899932861328
1076,21.26099967956543,73.59700012207031,112.53700256347656
1077,20.281999588012695,74.08699798583984,113.61000061035156
1078,20.67799949645996,74.56600189208984,114.67400360107422
1079,21.83799934387207,72.23500061035156,112.91699981689453
1080,20.798999786376953,71.16200256347656,113.20500183105469
1081,21.441999435424805,69.7699966430664,113.14700317382812
1082,20.481000900268555,68.6500015258789,113.58100128173828
1083,19.243999481201172,68.53500366210938,112.74099731445312
1084,18.996000289916992,73.97899627685547,113.30500030517578
1085,17.947999954223633,74.36100006103516,114.24099731445312
1086,17.209999084472656,73.0979995727539,114.61299896240234
1087,17.176000595092773,72.15799713134766,113.81199645996094
1088,16.95199966430664,75.30400085449219,113.56500244140625
1089,17.45400047302246,76.69999694824219,113.39700317382812
1090,18.680999755859375,76.99199676513672,112.83599853515625
1091,16.885000228881836,77.89399719238281,113.70500183105469
1092,18.847999572753906,78.3030014038086,112.81099700927734
1093,17.773000717163086,78.8740005493164,113.33200073242188
1094,16.606000900268555,73.06300354003906,115.8010025024414
1095,15.618000030517578,72.00900268554688,116.05000305175781
1096,14.29699993133545,72.43199920654297,115.41300201416016
1097,14.187999725341797,73.55699920654297,114.89099884033203
1098,15.468000411987305,71.64800262451172,117.53700256347656
1099,15.036999702453613,72.82499694824219,118.41400146484375
1100,14.347000122070312,73.7490005493164,117.93399810791016
1101,15.368000030517578,72.80500030517578,119.62000274658203
1102,13.300999641418457,71.552001953125,115.46399688720703
1103,12.053999900817871,71.78600311279297,114.74400329589844
1104,11.319000244140625,73.02999877929688,115.23400115966797
1105,10.748000144958496,73.78600311279297,114.44200134277344
1106,11.138999938964844,70.56400299072266,114.79900360107422
1107,11.736000061035156,69.49400329589844,114.0459976196289
1108,9.77400016784668,70.89600372314453,114.21199798583984
1109,11.359999656677246,73.26699829101562,116.53500366210938
1110,10.682000160217285,74.4229965209961,117.08499908447266
1111,11.413999557495117,75.6709976196289,116.61100006103516
1112,10.791000366210938,76.69400024414062,116.30899810791016
1113,10.645000457763672,74.35199737548828,118.61699676513672
1114,9.92300033569336,75.52400207519531,119.28199768066406
1115,9.833999633789062,75.40399932861328,120.80799865722656
1116,10.571999549865723,74.58699798583984,121.41200256347656
1117,9.015999794006348,76.13800048828125,121.40499877929688
1118,12.741000175476074,75.56300354003906,116.53099822998047
1119,13.595000267028809,76.66300201416016,116.11900329589844
1120,13.397000312805176,77.06700134277344,114.66500091552734
1121,13.21500015258789,78.25499725341797,114.3740005493164
1122,13.418000221252441,76.08799743652344,113.75800323486328
1123,13.276000022888184,76.38800048828125,112.33999633789062
1124,11.868000030517578,76.91500091552734,112.06099700927734
1125,11.682999610900879,77.85099792480469,111.25700378417969
1126,13.696000099182129,75.18599700927734,111.43299865722656
1127,14.256999969482422,75.68299865722656,110.09400177001953
1128,12.562000274658203,74.2030029296875,111.22200012207031
1129,15.484999656677246,76.56099700927734,110.23699951171875
1130,10.894000053405762,76.36299896240234,112.78500366210938
1131,9.501999855041504,76.76000213623047,112.63600158691406
1132,9.303000450134277,78.23200225830078,112.96800231933594
1133,8.581000328063965,78.94100189208984,112.26399993896484
1134,8.600000381469727,75.90499877929688,113.53399658203125
1135,8.215999603271484,74.56999969482422,112.89900207519531
1136,8.85099983215332,74.15299987792969,111.90599822998047
1137,7.271999835968018,73.9260025024414,113.40899658203125
1138,9.927000045776367,78.68299865722656,114.05000305175781
1139,9.822999954223633,80.08599853515625,114.44599914550781
1140,10.32800006866455,80.98600006103516,113.31800079345703
1141,9.65999984741211,81.9540023803711,112.927001953125
1142,10.628999710083008,80.35700225830078,115.7249984741211
1143,9.994999885559082,79.74600219726562,116.96900177001953
1144,8.756999969482422,79.8499984741211,117.13999938964844
1145,10.741999626159668,79.16300201416016,117.78299713134766
1146,11.50100040435791,80.64199829101562,112.78700256347656
1147,12.133999824523926,81.44300079345703,111.75
1148,11.263999938964844,81.49099731445312,110.5
1149,10.91100025177002,82.5770034790039,110.01499938964844
1150,13.522000312805176,80.8949966430664,111.4020004272461
1151,14.293999671936035,81.77799987792969,110.40799713134766
1152,14.539999961853027,83.18000030517578,110.9739990234375
1153,15.60200023651123,81.12799835205078,109.98200225830078
1154,10.904000282287598,80.30799865722656,110.00700378417969
1155,10.045999526977539,80.18699645996094,108.83899688720703
1156,8.737000465393066,80.95600128173828,108.99500274658203
1157,8.265999794006348,81.5999984741211,108.0530014038086
1158,9.770000457763672,78.72000122070312,108.56400299072266
1159,10.996000289916992,77.98600006103516,108.03399658203125
1160,10.678999900817871,76.53199768066406,107.70600128173828
1161,11.496999740600586,78.71700286865234,106.81099700927734
1162,8.154000282287598,80.9229965209961,110.18499755859375
1163,6.868000030517578,81.5739974975586,110.36000061035156
1164,7.01200008392334,83.09200286865234,110.4000015258789
1165,6.160999774932861,83.82499694824219,109.875
1166,6.125999927520752,81.0009994506836,111.5739974975586
1167,5.460999965667725,79.64700317382812,111.2490005493164
1168,5.146999835968018,78.80000305175781,112.48400115966797
1169,5.241000175476074,79.31999969482422,113.62100219726562
1170,4.813000202178955,77.60399627685547,112.31199645996094
1171,8.100000381469727,83.56400299072266,110.9990005493164
1172,8.371000289916992,84.99500274658203,111.02100372314453
1173,8.704999923706055,85.50399780273438,109.61299896240234
1174,8.57800006866455,86.7040023803711,109.33300018310547
1175,9.508999824523926,85.31400299072266,111.99700164794922
1176,9.16100025177002,84.58200073242188,108.76200103759766
1177,9.491000175476074,84.84700012207031,107.35199737548828
1178,8.378000259399414,84.47699737548828,106.36299896240234
1179,8.60200023651123,84.49299621582031,105.14900207519531
1180,10.819000244140625,84.16200256347656,106.95600128173828
1181,12.001999855041504,84.62699890136719,107.81500244140625
1182,13.652000427246094,84.45999908447266,107.10099792480469
1183,13.848999977111816,82.6969985961914,107.08599853515625
1184,7.210000038146973,84.08999633789062,106.88500213623047
1185,6.091000080108643,83.60099792480469,106.06099700927734
1186,5.744999885559082,84.56500244140625,104.91799926757812
1187,5.940999984741211,85.77999877929688,105.03099822998047
1188,4.849999904632568,83.34500122070312,106.94000244140625
1189,3.8940000534057617,84.54000091552734,107.0780029296875
1190,2.875,84.37799835205078,108.21800231933594
1191,3.4809999465942383,84.75700378417969,109.48899841308594
1192,3.200000047683716,85.86599731445312,110.16999816894531
1193,2.2829999923706055,86.72200012207031,109.73999786376953
1194,3.8380000591278076,86.11199951171875,111.30699920654297
1195,5.269000053405762,84.1729965209961,103.85299682617188
1196,21.69700050354004,66.5260009765625,109.95999908447266
1197,22.910999298095703,66.4749984741211,110.26399993896484
1198,20.863000869750977,67.24800109863281,110.56300354003906
1199,21.222000122070312,65.66999816894531,108.81300354003906
1200,36.38800048828125,85.70600128173828,102.25599670410156
1201,6.64900016784668,90.33200073242188,115.44499969482422
1202,11.387999534606934,91.5739974975586,118.58699798583984
1203,9.461999893188477,82.95800018310547,90.33599853515625
1204,7.664000034332275,81.1510009765625,88.65499877929688
1205,31.711999893188477,85.70600128173828,96.8740005493164
1206,5.480000019073486,86.2979965209961,113.23999786376953
1207,4.4070000648498535,68.13300323486328,112.16699981689453
1208,36.43000030517578,78.83499908447266,96.68800354003906
1209,23.509000778198242,82.75199890136719,96.8489990234375
1210,0.4269999861717224,83.50900268554688,86.20500183105469
1211,8.265000343322754,77.22699737548828,94.96299743652344
1212,4.866000175476074,76.87000274658203,85.41400146484375
1213,18.4060001373291,81.1259994506836,117.6500015258789
1214,29.67099952697754,77.76000213623047,105.73100280761719
1215,14.279000282287598,83.15399932861328,118.80000305175781
1216,20.23900032043457,68.1709976196289,105.04100036621094
1217,31.429000854492188,75.48699951171875,108.98799896240234
1218,27.72800064086914,88.56700134277344,110.16300201416016
1219,16.952999114990234,81.677001953125,94.6449966430664
1220,14.027999877929688,75.9540023803711,119.64199829101562
1221,-7.385000228881836,76.05000305175781,96.84200286865234
1222,-2.694000005722046,63.887001037597656,98.87200164794922
1223,20.231000900268555,88.04199981689453,107.15499877929688
1224,-6.1539998054504395,76.80500030517578,99.39399719238281
1225,12.807000160217285,70.8280029296875,93.99199676513672
1226,23.979999542236328,60.428001403808594,99.05799865722656
1227,38.8120002746582,78.39299774169922,98.51399993896484
1228,25.06100082397461,74.05400085449219,112.97699737548828
1229,35.854000091552734,77.2490005493164,100.97799682617188
1230,24.922000885009766,87.61599731445312,115.81600189208984
1231,34.395999908447266,75.14099884033203,102.53299713134766
1232,11.383000373840332,65.04900360107422,107.30500030517578
1233,-3.9179999828338623,71.41400146484375,102.5989990234375
1234,14.61400032043457,80.31800079345703,115.80699920654297
1235,13.473999977111816,67.12699890136719,91.11100006103516
1236,1.7430000305175781,80.1500015258789,97.14800262451172
1237,32.58100128173828,75.74600219726562,104.5530014038086
1238,35.71200180053711,92.76699829101562,101.67500305175781
1239,-3.559999942779541,79.88099670410156,91.18800354003906
1240,22.648000717163086,58.69200134277344,101.83200073242188
1241,4.035999774932861,75.03399658203125,114.13999938964844
1242,17.46500015258789,88.00399780273438,106.77899932861328
1243,21.674999237060547,62.979000091552734,97.72200012207031
1244,24.770999908447266,83.32099914550781,94.20800018310547
1245,13.041999816894531,68.99700164794922,117.2750015258789
1246,14.151000022888184,84.2959976196289,114.80500030517578
1247,1.940000057220459,80.73100280761719,87.28500366210938
1248,11.930000305175781,70.14700317382812,96.7239990234375
1249,25.073999404907227,76.03099822998047,117.34600067138672
1250,1.2139999866485596,62.53300094604492,100.62100219726562
1251,31.35300064086914,86.48999786376953,104.02200317382812
1252,12.8149995803833,68.40299987792969,98.76300048828125
1253,16.815000534057617,75.68800354003906,117.50199890136719
1254,-4.117000102996826,66.0999984741211,92.16500091552734
1255,3.002000093460083,66.21600341796875,88.98100280761719
1256,-3.190999984741211,83.33100128173828,91.46800231933594
1257,28.292999267578125,87.01100158691406,103.9010009765625
1258,10.907999992370605,80.6989974975586,93.30699920654297
1259,17.3439998626709,71.91500091552734,96.08699798583984
1260,30.76099967956543,80.80599975585938,117.58799743652344
1261,28.68199920654297,79.44400024414062,111.88300323486328
1262,15.954000473022461,69.875,112.59300231933594
1263,3.484999895095825,88.41799926757812,112.5250015258789
